"","Date","Year","DOY","BWE","BWEsd","StovBWE","TotBWE","Ht","Htsd","dfb_new.Precip.mm","dfb_new.soiltemp.C","K40"
"1",2021-07-19,2021,200,5.04932818722562,1.47638551468954,0,5.04932818722562,268.944444444445,19.5854857951904,0,22.3141666666667,368.777
"2",2021-07-26,2021,207,5.41253047780814,1.71832949172166,0,5.41253047780814,277.324652777778,23.4816970989909,0,24.4666666666667,504.834
"3",2021-07-27,2021,208,5.4372245275478,1.75147971098365,0,5.4372245275478,277.002083333333,24.2496657656405,0,26.7991666666667,630.403428571429
"4",2021-07-28,2021,209,5.46191857728746,1.78462993024563,0,5.46191857728746,276.679513888889,25.01763443229,0,28.3470833333333,628.11803125
"5",2021-07-29,2021,210,5.48661262702712,1.81778014950761,0,5.48661262702712,276.356944444444,25.7856030989396,0,28.4479166666667,631.706510416667
"6",2021-07-30,2021,211,5.51130667676678,1.85093036876959,0,5.51130667676678,276.034375,26.5535717655891,4.32,25.9325,640.66915625
"7",2021-07-31,2021,212,5.53600072650644,1.88408058803157,0,5.53600072650644,275.711805555556,27.3215404322387,15.99,22.485,570.963291666667
"8",2021-08-01,2021,213,5.5606947762461,1.91723080729355,0,5.5606947762461,275.389236111111,28.0895090988882,0,21.1583333333333,595.817854166667
"9",2021-08-02,2021,214,5.58538882598576,1.95038102655553,0,5.58538882598576,275.066666666667,28.8574777655377,0,19.7308333333333,610.110431578947
"10",2021-08-03,2021,215,5.62157604317955,1.88049618547763,0,5.62157604317955,275.86625,27.6180234798489,0,19.48625,619.877989583333
"11",2021-08-04,2021,216,5.65776326037335,1.81061134439974,0,5.65776326037335,276.665833333333,26.3785691941601,0,22.1304166666667,631.829077669903
"12",2021-08-05,2021,217,5.69395047756715,1.74072650332185,0,5.69395047756715,277.465416666667,25.1391149084714,0,24.1458333333333,633.134673076923
"13",2021-08-06,2021,218,5.73013769476094,1.67084166224396,0,5.73013769476094,278.265,23.8996606227827,0.25,25.7383333333333,616.164725490196
"14",2021-08-07,2021,219,5.76632491195474,1.60095682116607,0,5.76632491195474,279.064583333333,22.6602063370939,57.41,24.5233333333333,623.558644230769
"15",2021-08-08,2021,220,5.80251212914854,1.53107198008818,0,5.80251212914854,279.864166666667,21.4207520514051,2.79,22.99375,532.517093457944
"16",2021-08-09,2021,221,5.83869934634234,1.46118713901028,0,5.83869934634234,280.66375,20.1812977657164,0,25.8445833333333,559.760980392157
"17",2021-08-10,2021,222,5.87488656353613,1.39130229793239,0,5.87488656353613,281.463333333333,18.9418434800277,0,27.0570833333333,566.136642105263
"18",2021-08-11,2021,223,5.91107378072993,1.3214174568545,0,5.91107378072993,282.262916666667,17.7023891943389,0,26.43625,575.9861875
"19",2021-08-12,2021,224,5.94726099792373,1.25153261577661,0,5.94726099792373,283.0625,16.4629349086501,0,24.8658333333333,587.218854166667
"20",2021-08-13,2021,225,5.89748386646562,1.30908615315815,0,5.89748386646562,282.669612794613,16.9531641230918,0,17.97625,601.95278125
"21",2021-08-14,2021,226,5.84770673500752,1.36663969053969,0,5.84770673500752,282.276725589226,17.4433933375335,0,22.33625,615.5930625
"22",2021-08-15,2021,227,5.79792960354942,1.42419322792122,0,5.79792960354942,281.883838383838,17.9336225519751,0,21.44625,625.143041666667
"23",2021-08-16,2021,228,5.74815247209131,1.48174676530276,0,5.74815247209131,281.490951178451,18.4238517664168,0,23.20125,636.530458333333
"24",2021-08-17,2021,229,5.69837534063321,1.53930030268429,0,5.69837534063321,281.098063973064,18.9140809808584,0,24.8058333333333,643.654968421053
"25",2021-08-18,2021,230,5.64859820917511,1.59685384006583,0,5.64859820917511,280.705176767677,19.4043101953001,0,24.2491666666667,652.87184375
"26",2021-08-19,2021,231,5.598821077717,1.65440737744736,0,5.598821077717,280.312289562289,19.8945394097417,0,24.7641666666667,658.037291666667
"27",2021-08-20,2021,232,5.5490439462589,1.7119609148289,0,5.5490439462589,279.919402356902,20.3847686241834,13.21,24.7308333333333,593.47115625
"28",2021-08-21,2021,233,5.49926681480079,1.76951445221044,0,5.49926681480079,279.526515151515,20.874997838625,0,19.9795833333333,582.137479166667
"29",2021-08-22,2021,234,5.44948968334269,1.82706798959197,0,5.44948968334269,279.133627946128,21.3652270530667,0,21.6379166666667,589.94340625
"30",2021-08-23,2021,235,5.39971255188458,1.88462152697351,0,5.39971255188458,278.740740740741,21.8554562675083,0,27.52,604.21878125
"31",2021-08-24,2021,236,5.31954246365957,1.87189768978664,0,5.31954246365957,278.504787100025,22.023389504112,0,28.0495833333333,612.358168421053
"32",2021-08-25,2021,237,5.23937237543456,1.85917385259977,0,5.23937237543456,278.26883345931,22.1913227407157,17.52,25.5920833333333,555.027645833333
"33",2021-08-26,2021,238,5.15920228720955,1.84645001541289,0,5.15920228720955,278.032879818594,22.3592559773194,0,27.68125,570.678791666667
"34",2021-08-27,2021,239,5.07903219898455,1.83372617822602,0,5.07903219898455,277.796926177879,22.5271892139231,7.36,27.545,577.836145833333
"35",2021-08-28,2021,240,4.99886211075954,1.82100234103915,0,4.99886211075954,277.560972537163,22.6951224505268,0,27.3658333333333,563.177427083333
"36",2021-08-29,2021,241,4.91869202253453,1.80827850385228,0,4.91869202253453,277.325018896447,22.8630556871305,24.89,20.59,535.737833333333
"37",2021-08-30,2021,242,4.83852193430952,1.79555466666541,0,4.83852193430952,277.089065255732,23.0309889237341,0,23.0983333333333,558.810895833333
"38",2021-08-31,2021,243,4.75835184608452,1.78283082947854,0,4.75835184608452,276.853111615016,23.1989221603378,71.88,20.7058333333333,499.093178947368
"39",2021-09-01,2021,244,4.67818175785951,1.77010699229167,0,4.67818175785951,276.617157974301,23.3668553969415,0,20.6316666666667,555.639510416667
"40",2021-09-02,2021,245,4.5980116696345,1.75738315510479,0,4.5980116696345,276.381204333585,23.5347886335452,25.15,21.15,558.941375
"41",2021-09-03,2021,246,4.51784158140949,1.74465931791792,0,4.51784158140949,276.14525069287,23.7027218701489,2.79,20.9220833333333,531.187333333333
"42",2021-09-04,2021,247,4.43767149318449,1.73193548073105,0,4.43767149318449,275.909297052154,23.8706551067526,0,20.1495833333333,555.557458333333
"43",2021-09-05,2021,248,4.35750140495947,1.71921164354418,0,4.35750140495947,275.673343411439,24.0385883433563,0,20.7708333333333,565.884714285714
"44",2021-09-06,2021,249,4.27733131673447,1.70648780635731,0,4.27733131673447,275.437389770723,24.20652157996,0,22.8033333333333,569.260155172414
"45",2021-09-07,2021,250,4.19716122850946,1.69376396917044,0,4.19716122850946,275.201436130008,24.3744548165637,0,21.5529166666667,574.1226
"46",2021-09-08,2021,251,4.11699114028445,1.68104013198357,0,4.11699114028445,274.965482489292,24.5423880531674,0,19.12,581.831
"47",2021-09-09,2021,252,4.03682105205944,1.6683162947967,0,4.03682105205944,274.729528848576,24.710321289771,0,18.63,589.844857142857
"48",2021-09-10,2021,253,3.95665096383444,1.65559245760982,0,3.95665096383444,274.493575207861,24.8782545263747,0,21.3279166666667,592.78925
"49",2021-09-11,2021,254,3.87648087560943,1.64286862042295,0,3.87648087560943,274.257621567145,25.0461877629784,0,23.6779166666667,595.80025
"50",2021-09-12,2021,255,3.79631078738442,1.63014478323608,0,3.79631078738442,274.02166792643,25.2141209995821,0,20.3308333333333,593.994142857143
"51",2021-09-13,2021,256,3.71614069915942,1.61742094604921,0,3.71614069915942,273.785714285714,25.3820542361858,0,21.9783333333333,599.919
"52",2021-09-14,2021,257,3.67817239753425,1.59088706580981,0,3.67817239753425,273.785336356765,25.0793349811446,0,19.4966666666667,600.567915789474
"53",2021-09-15,2021,258,3.64020409590908,1.56435318557042,0,3.64020409590908,273.784958427815,24.7766157261034,0,18.7745833333333,607.75132
"54",2021-09-16,2021,259,3.60223579428392,1.53781930533102,0,3.60223579428392,273.784580498866,24.4738964710622,0,24.0820833333333,612.991333333333
"55",2021-09-17,2021,260,3.56426749265875,1.51128542509163,0,3.56426749265875,273.784202569917,24.171177216021,1.27,19.1816666666667,600.97096969697
"56",2021-09-18,2021,261,3.52629919103359,1.48475154485223,0,3.52629919103359,273.783824640967,23.8684579609798,0,21.2708333333333,609.6318
"57",2021-09-19,2021,262,3.48833088940842,1.45821766461284,0,3.48833088940842,273.783446712018,23.5657387059386,0,24.4591666666667,613.07193877551
"58",2021-09-20,2021,263,3.45036258778326,1.43168378437344,0,3.45036258778326,273.783068783069,23.2630194508974,0.25,19.4479166666667,616.158380952381
"59",2021-09-22,2021,265,3.37442598453293,1.37861602389465,0,3.37442598453293,273.78231292517,22.6575809408151,0,13.1308333333333,620.551416666667
"60",2021-09-23,2021,266,3.33645768290776,1.35208214365526,0,3.33645768290776,273.781934996221,22.3548616857739,0,16.325,613.61009375
"61",2021-09-24,2021,267,3.29848938128259,1.32554826341586,0,3.29848938128259,273.781557067271,22.0521424307327,0,12.3466666666667,616.14246875
"62",2021-09-25,2021,268,3.26052107965743,1.29901438317647,0,3.26052107965743,273.781179138322,21.7494231756915,0,12.29,619.656083333333
"63",2021-09-26,2021,269,3.22255277803226,1.27248050293707,0,3.22255277803226,273.780801209373,21.4467039206503,0,19.9283333333333,625.469270833333
"64",2021-09-27,2021,270,3.1845844764071,1.24594662269768,0,3.1845844764071,273.780423280423,21.1439846656091,0,22.1533333333333,625.9431875
"65",2021-09-28,2021,271,3.14661617478193,1.21941274245828,0,3.14661617478193,273.780045351474,20.8412654105679,0,21.9658333333333,626.62707368421
"66",2021-09-29,2021,272,3.10864787315677,1.19287886221889,0,3.10864787315677,273.779667422525,20.5385461555267,0.51,21.24125,628.7330625
"67",2021-09-30,2021,273,3.0706795715316,1.16634498197949,0,3.0706795715316,273.779289493575,20.2358269004855,8.38,21.96,612.826895833333
"68",2021-10-01,2021,274,3.03271126990644,1.1398111017401,0,3.03271126990644,273.778911564626,19.9331076454443,0,18.47125,572.234221052632
"69",2021-10-08,2021,281,2.63482716243305,0.934682316742777,0,2.63482716243305,273.77626606198,17.814072860156,0,20.3345833333333,617.787444444444
"70",2021-10-09,2021,282,2.56383236178358,0.934682316742777,0,2.56383236178358,273.775888133031,17.5113536051148,0,19.23375,624.083294117647
"71",2021-10-15,2021,288,2.13786355788675,0.934682316742777,0,2.13786355788675,273.773620559335,15.6950380748677,1.01,9.39708333333333,574.008
"72",2021-10-16,2021,289,2.06686875723727,0.934682316742777,0,2.06686875723727,273.773242630385,15.3923188198265,0,9.75,577.997197916667
"73",2021-10-17,2021,290,1.9958739565878,0.934682316742777,0,1.9958739565878,273.772864701436,15.0895995647853,0,11.835,576.542354166667
"74",2021-10-18,2021,291,1.92487915593833,0.934682316742777,0,1.92487915593833,273.772486772487,14.7868803097441,0,14.2679166666667,582.507697916667
"75",2021-10-19,2021,292,1.85388435528886,0.934682316742777,0,1.85388435528886,273.772108843537,14.4841610547029,0,16.8516666666667,593.858852631579
"76",2021-10-20,2021,293,1.78288955463939,0.934682316742777,0,1.78288955463939,273.771730914588,14.1814417996617,0,11.0904166666667,593.1351875
"77",2021-10-21,2021,294,1.71189475398991,0.934682316742777,0,1.71189475398991,273.771352985639,13.8787225446205,0,6.44166666666667,597.866322916667
"78",2021-10-22,2021,295,1.64089995334044,0.934682316742777,0,1.64089995334044,273.770975056689,13.5760032895794,0,4.8925,594.924916666667
"79",2021-10-23,2021,296,1.56990515269097,0.934682316742777,0,1.56990515269097,273.77059712774,13.2732840345382,0,9.18125,602.197645833333
"80",2021-10-24,2021,297,1.4989103520415,0.934682316742777,0,1.4989103520415,273.770219198791,12.970564779497,48.53,7.69833333333333,496.767135416667
"81",2021-10-25,2021,298,1.42791555139203,0.934682316742777,0,1.42791555139203,273.769841269841,12.6678455244558,0,7.85708333333333,548.275125
"82",2021-10-26,2021,299,1.35692075074256,0.934682316742777,0,1.35692075074256,273.769463340892,12.3651262694146,0,9.62541666666667,563.410284210526
"83",2021-10-27,2021,300,1.28592595009308,0.934682316742777,0,1.28592595009308,273.769085411943,12.0624070143734,43.67,11.645,522.118177083333
"84",2021-10-28,2021,301,1.21493114944361,0.934682316742777,0,1.21493114944361,273.768707482993,11.7596877593322,1.52,10.1283333333333,521.84325
"85",2021-10-29,2021,302,1.14393634879414,0.934682316742777,0,1.14393634879414,273.768329554044,11.456968504291,0,8.295,559.075802083333
"86",2021-10-30,2021,303,1.07294154814467,0.934682316742777,0,1.07294154814467,273.767951625095,11.1542492492498,0,8.19791666666667,563.454958333333
"87",2021-10-31,2021,304,1.0019467474952,0.934682316742777,0,1.0019467474952,273.767573696145,10.8515299942086,0,5.43166666666667,569.788979166667
"88",2021-11-01,2021,305,0.930951946845724,0.934682316742777,0,0.930951946845724,273.767195767196,10.5488107391675,0,3.86416666666667,569.86009375
"89",2021-11-02,2021,306,0.859957146196251,0.934682316742777,0,0.859957146196251,273.766817838246,10.2460914841263,0,1.40958333333333,571.109515789474
"90",2021-11-03,2021,307,0.788962345546782,0.934682316742777,0,0.788962345546782,273.766439909297,9.94337222908509,0,5.48375,573.945833333333
"91",2021-11-04,2021,308,0.717967544897309,0.934682316742777,0.5,1.21796754489731,273.766061980348,9.64065297404389,0,5.88958333333333,577.728802083333
"92",2021-11-05,2021,309,0,0,0.498496932515337,0.498496932515337,20,0,0,8.94625,582.00175
"93",2021-11-06,2021,310,0,0,0.496993865030675,0.496993865030675,20,0,0,10.88125,589.49840625
"94",2021-11-07,2021,311,0,0,0.495490797546012,0.495490797546012,20,0,0,11.79375,590.013385416667
"95",2021-11-08,2021,312,0,0,0.49398773006135,0.49398773006135,20,0,0,9.54166666666667,591.328260416667
"96",2021-11-09,2021,313,0,0,0.492484662576687,0.492484662576687,20,0,0,8.1775,599.2964
"97",2021-11-10,2021,314,0,0,0.490981595092025,0.490981595092025,20,0,9.9,9.97666666666667,584.573916666667
"98",2021-11-11,2021,315,0,0,0.489478527607362,0.489478527607362,20,0,0,6.58208333333333,557.360770833333
"99",2021-11-12,2021,316,0,0,0.487975460122699,0.487975460122699,20,0,0,1.71916666666667,577.483541666667
"100",2021-11-13,2021,317,0,0,0.486472392638037,0.486472392638037,20,0,0.25,1.05125,583.007010416667
"101",2021-11-14,2021,318,0,0,0.484969325153374,0.484969325153374,20,0,0.25,6.32166666666667,577.56828125
"102",2021-11-15,2021,319,0,0,0.483466257668712,0.483466257668712,20,0,0,7.19125,587.819375
"103",2021-11-16,2021,320,0,0,0.481963190184049,0.481963190184049,20,0,0,10.6645833333333,587.522431578947
"104",2021-11-17,2021,321,0,0,0.480460122699386,0.480460122699386,20,0,0,5.68,592.306895833333
"105",2021-11-18,2021,322,0,0,0.478957055214724,0.478957055214724,20,0,0,-0.570833333333333,597.940427083333
"106",2021-11-19,2021,323,0,0,0.477453987730061,0.477453987730061,20,0,0,1.08,599.178614583333
"107",2021-11-20,2021,324,0,0,0.475950920245399,0.475950920245399,20,0,0,1.63,600.5089375
"108",2021-11-21,2021,325,0,0,0.474447852760736,0.474447852760736,20,0,0,1.63,602.464
"109",2021-11-22,2021,326,0,0,0.472944785276074,0.472944785276074,20,0,0,-1.835,606.57403125
"110",2021-11-23,2021,327,0,0,0.471441717791411,0.471441717791411,20,0,0,-2.99,604.796747368421
"111",2021-11-24,2021,328,0,0,0.469938650306748,0.469938650306748,20,0,0,4.28583333333333,608.846635416667
"112",2021-11-25,2021,329,0,0,0.468435582822086,0.468435582822086,20,0,0,-0.836666666666667,609.809729166667
"113",2021-11-26,2021,330,0,0,0.466932515337423,0.466932515337423,20,0,0,6.11166666666667,611.075697916667
"114",2021-11-27,2021,331,0,0,0.465429447852761,0.465429447852761,20,0,0,9.92291666666667,607.838822916667
"115",2021-11-28,2021,332,0,0,0.463926380368098,0.463926380368098,20,0,0,4.33333333333333,612.427572916667
"116",2021-11-29,2021,333,0,0,0.462423312883436,0.462423312883436,20,0,0,9.06833333333333,615.778604166667
"117",2021-11-30,2021,334,0,0,0.460920245398773,0.460920245398773,20,0,0,7.2575,617.636157894737
"118",2021-12-01,2021,335,0,0,0.45941717791411,0.45941717791411,20,0,0,8.89958333333333,617.129489583333
"119",2021-12-02,2021,336,0,0,0.457914110429448,0.457914110429448,20,0,0,12.3870833333333,619.578677083333
"120",2021-12-03,2021,337,0,0,0.456411042944785,0.456411042944785,20,0,0,9.20541666666667,618.956729166667
"121",2021-12-04,2021,338,0,0,0.454907975460123,0.454907975460123,20,0,0,2.9125,619.149322916667
"122",2021-12-05,2021,339,0,0,0.45340490797546,0.45340490797546,20,0,0,5.31,621.176989583333
"123",2021-12-06,2021,340,0,0,0.451901840490798,0.451901840490798,20,0,0,-5.55958333333333,620.250395833333
"124",2021-12-07,2021,341,0,0,0.450398773006135,0.450398773006135,20,0,0,-1.56041666666667,619.561863157895
"125",2021-12-08,2021,342,0,0,0.448895705521472,0.448895705521472,20,0,0,-0.281666666666667,623.388416666667
"126",2021-12-09,2021,343,0,0,0.44739263803681,0.44739263803681,20,0,0,5.98125,627.765229166667
"127",2021-12-10,2021,344,0,0,0.445889570552147,0.445889570552147,20,0,0,1.58,616.620197916667
"128",2021-12-11,2021,345,0,0,0.444386503067485,0.444386503067485,20,0,0.76,-1.05666666666667,580.102302083333
"129",2021-12-12,2021,346,0,0,0.442883435582822,0.442883435582822,20,0,0,2.97166666666667,595.396677083333
"130",2021-12-13,2021,347,0,0,0.44138036809816,0.44138036809816,20,0,0,1.70625,609.175770833333
"131",2021-12-14,2021,348,0,0,0.439877300613497,0.439877300613497,20,0,0,5.21958333333333,611.071705263158
"132",2021-12-15,2021,349,0,0,0.438374233128834,0.438374233128834,20,0,4.83,12.86125,613.628104166667
"133",2021-12-16,2021,350,0,0,0.436871165644172,0.436871165644172,20,0,0,-0.0154166666666666,595.392572916667
"134",2021-12-17,2021,351,0,0,0.435368098159509,0.435368098159509,20,0,0,-1.03916666666667,597.400677083333
"135",2021-12-18,2021,352,0,0,0.433865030674847,0.433865030674847,20,0,0,-5.55833333333333,601.454552083333
"136",2021-12-19,2021,353,0,0,0.432361963190184,0.432361963190184,20,0,0,-4.86666666666667,600.269447916667
"137",2021-12-20,2021,354,0,0,0.430858895705521,0.430858895705521,20,0,0,-4.105,602.577802083333
"138",2021-12-21,2021,355,0,0,0.429355828220859,0.429355828220859,20,0,0,-4.04166666666667,600.052642105263
"139",2021-12-22,2021,356,0,0,0.427852760736196,0.427852760736196,20,0,0,-0.832916666666667,606.111166666667
"140",2021-12-23,2021,357,0,0,0.426349693251534,0.426349693251534,20,0,0,2.71916666666667,604.62240625
"141",2021-12-24,2021,358,0,0,0.424846625766871,0.424846625766871,20,0,0,4.7075,607.81259375
"142",2021-12-25,2021,359,0,0,0.423343558282209,0.423343558282209,20,0,0,0.810833333333333,608.232395833333
"143",2021-12-26,2021,360,0,0,0.421840490797546,0.421840490797546,20,0,0,0.573333333333333,605.57228125
"144",2021-12-27,2021,361,0,0,0.420337423312883,0.420337423312883,20,0,0,-2.34125,606.621479166667
"145",2021-12-28,2021,362,0,0,0.418834355828221,0.418834355828221,20,0,0,-2.51333333333333,610.602715789474
"146",2021-12-29,2021,363,0,0,0.417331288343558,0.417331288343558,20,0,0,-8.92875,604.24546875
"147",2021-12-30,2021,364,0,0,0.415828220858896,0.415828220858896,20,0,0,-4.2,612.222635416667
"148",2021-12-31,2021,365,0,0,0.414325153374233,0.414325153374233,20,0,0,-5.04,599.761010416667
"149",2022-01-01,2022,1,0,0,0.412822085889571,0.412822085889571,20,0,0,-386.4,585.92125
"150",2022-01-02,2022,2,0,0,0.411319018404908,0.411319018404908,20,0,0,-424.41,572.510166666667
"151",2022-01-03,2022,3,0,0,0.409815950920245,0.409815950920245,20,0,1.77,-153.1,577.841364583333
"152",2022-01-04,2022,4,0,0,0.408312883435583,0.408312883435583,20,0,0,0.460000000000001,586.432915789474
"153",2022-01-05,2022,5,0,0,0.40680981595092,0.40680981595092,20,0,0,-309.43,592.485291666667
"154",2022-01-06,2022,6,0,0,0.405306748466258,0.405306748466258,20,0,0,-397.55,594.630958333333
"155",2022-01-07,2022,7,0,0,0.403803680981595,0.403803680981595,20,0,0,-254.35,601.286583333333
"156",2022-01-08,2022,8,0,0,0.402300613496932,0.402300613496932,20,0,0,-75.79,606.99890625
"157",2022-01-09,2022,9,0,0,0.40079754601227,0.40079754601227,20,0,0,-213.56,603.75128125
"158",2022-01-10,2022,10,0,0,0.399294478527607,0.399294478527607,20,0,0,-129.16,605.784635416667
"159",2022-01-11,2022,11,0,0,0.397791411042945,0.397791411042945,20,0,0,30.92,609.961505263158
"160",2022-01-12,2022,12,0,0,0.396288343558282,0.396288343558282,20,0,0,92.25,612.599083333333
"161",2022-01-13,2022,13,0,0,0.39478527607362,0.39478527607362,20,0,0,101.86,613.22990625
"162",2022-01-14,2022,14,0,0,0.393282208588957,0.393282208588957,20,0,1.01,-19.99,597.89090625
"163",2022-01-15,2022,15,0,0,0.391779141104294,0.391779141104294,20,0,0,-274.86,544.2145
"164",2022-01-16,2022,16,0,0,0.390276073619632,0.390276073619632,20,0,1.27,-117.11,553.445791666667
"165",2022-01-17,2022,17,0,0,0.388773006134969,0.388773006134969,20,0,0,-25.56,569.42871875
"166",2022-01-18,2022,18,0,0,0.387269938650307,0.387269938650307,20,0,0,63.64,573.971178947368
"167",2022-01-19,2022,19,0,0,0.385766871165644,0.385766871165644,20,0,0,-253.9,575.76340625
"168",2022-01-20,2022,20,0,0,0.384263803680982,0.384263803680982,20,0,0,-385.25,582.34090625
"169",2022-01-21,2022,21,0,0,0.382760736196319,0.382760736196319,20,0,0,-223.13,584.551822916667
"170",2022-01-22,2022,22,0,0,0.381257668711656,0.381257668711656,20,0,0,8.71,588.74715625
"171",2022-01-23,2022,23,0,0,0.379754601226994,0.379754601226994,20,0,0,-66.94,592.876854166667
"172",2022-01-24,2022,24,0,0,0.378251533742331,0.378251533742331,20,0,0,10.77,595.283
"173",2022-01-25,2022,25,0,0,0.376748466257669,0.376748466257669,20,0,0,-312.72,588.704536842105
"174",2022-01-26,2022,26,0,0,0.375245398773006,0.375245398773006,20,0,0,-185.6,593.365802083333
"175",2022-01-27,2022,27,0,0,0.373742331288344,0.373742331288344,20,0,0,-123.66,600.456229166667
"176",2022-01-28,2022,28,0,0,0.372239263803681,0.372239263803681,20,0,0,-177.98,599.2283125
"177",2022-01-29,2022,29,0,0,0.370736196319018,0.370736196319018,20,0,0,-10.91,599.994239583333
"178",2022-01-30,2022,30,0,0,0.369233128834356,0.369233128834356,20,0,0,-45.77,608.008072916667
"179",2022-01-31,2022,31,0,0,0.367730061349693,0.367730061349693,20,0,0,100.09,605.268239583333
"180",2022-02-01,2022,32,0,0,0.366226993865031,0.366226993865031,20,0,0,-23.63,608.889631578947
"181",2022-02-02,2022,33,0,0,0.364723926380368,0.364723926380368,20,0,0,-250.55,606.373677083333
"182",2022-02-03,2022,34,0,0,0.363220858895705,0.363220858895705,20,0,0,-351.5,606.217729166667
"183",2022-02-04,2022,35,0,0,0.361717791411043,0.361717791411043,20,0,0,-251.69,606.945072916667
"184",2022-02-05,2022,36,0,0,0.36021472392638,0.36021472392638,20,0,0,-28.92,607.818604166667
"185",2022-02-06,2022,37,0,0,0.358711656441718,0.358711656441718,20,0,0,-9.32,614.65928125
"186",2022-02-07,2022,38,0,0,0.357208588957055,0.357208588957055,20,0,0,72.44,614.55521875
"187",2022-02-08,2022,39,0,0,0.355705521472393,0.355705521472393,20,0,0,135.92,614.059442105263
"188",2022-02-09,2022,40,0,0,0.35420245398773,0.35420245398773,20,0,0,116.3,616.228322916667
"189",2022-02-10,2022,41,0,0,0.352699386503067,0.352699386503067,20,0,0,55.71,618.184541666667
"190",2022-02-11,2022,42,0,0,0.351196319018405,0.351196319018405,20,0,2.54,30.31,594.904604166667
"191",2022-02-12,2022,43,0,0,0.349693251533742,0.349693251533742,20,0,0,-204.73,599.8715625
"192",2022-02-13,2022,44,0,0,0.34819018404908,0.34819018404908,20,0,0,-143.62,607.593479166667
"193",2022-02-14,2022,45,0,0,0.346687116564417,0.346687116564417,20,0,0,-45.95,609.002322916667
"194",2022-02-15,2022,46,0,0,0.345184049079755,0.345184049079755,20,0,0,107.99,613.446242105263
"195",2022-02-16,2022,47,0,0,0.343680981595092,0.343680981595092,20,0,0,20.25,614.821260416667
"196",2022-02-17,2022,48,0,0,0.342177914110429,0.342177914110429,20,0,0,-176.7,615.21125
"197",2022-02-18,2022,49,0,0,0.340674846625767,0.340674846625767,20,0,0,54.25,615.8815
"198",2022-02-19,2022,50,0,0,0.339171779141104,0.339171779141104,20,0,0,-103.16,621.253385416667
"199",2022-02-20,2022,51,0,0,0.337668711656442,0.337668711656442,20,0,0,194.12,624.725697916667
"200",2022-02-21,2022,52,0,0,0.336165644171779,0.336165644171779,20,0,0,-21.07,624.01640625
"201",2022-02-22,2022,53,0,0,0.334662576687117,0.334662576687117,20,0,0,-335.48,609.863831578947
"202",2022-02-23,2022,54,0,0,0.333159509202454,0.333159509202454,20,0,0,-379.95,616.11709375
"203",2022-02-24,2022,55,0,0,0.331656441717791,0.331656441717791,20,0,0,-324.29,619.170625
"204",2022-02-25,2022,56,0,0,0.330153374233129,0.330153374233129,20,0,0,-299.33,619.68915625
"205",2022-02-26,2022,57,0,0,0.328650306748466,0.328650306748466,20,0,0,-97.44,621.869395833333
"206",2022-02-27,2022,58,0,0,0.327147239263804,0.327147239263804,20,0,0,-34.38,628.064708333333
"207",2022-02-28,2022,59,0,0,0.325644171779141,0.325644171779141,20,0,0,144.13,629.2690625
"208",2022-03-01,2022,60,0,0,0.324141104294479,0.324141104294479,20,0,0,237.54,632.549189473684
"209",2022-03-02,2022,61,0,0,0.322638036809816,0.322638036809816,20,0,0,229.49,630.050114583333
"210",2022-03-03,2022,62,0,0,0.321134969325153,0.321134969325153,20,0,0,64.56,632.894020833333
"211",2022-03-04,2022,63,0,0,0.319631901840491,0.319631901840491,20,0,1.52,189.48,634.630520833333
"212",2022-03-05,2022,64,0,0,0.318128834355828,0.318128834355828,20,0,15.23,119.07,557.518895833333
"213",2022-03-06,2022,65,0,0,0.316625766871166,0.316625766871166,20,0,0,-67.36,558.9646875
"214",2022-03-07,2022,66,0,0,0.315122699386503,0.315122699386503,20,0,0.76,-92.72,540.051885416667
"215",2022-03-08,2022,67,0,0,0.31361963190184,0.31361963190184,20,0,0,-30.19,549.997052631579
"216",2022-03-09,2022,68,0,0,0.312116564417178,0.312116564417178,20,0,0,-137.65,561.706645833333
"217",2022-03-10,2022,69,0,0,0.310613496932515,0.310613496932515,20,0,0,-142.21,567.14259375
"218",2022-03-11,2022,70,0,0,0.309110429447853,0.309110429447853,20,0,0,-175.07,570.579666666667
"219",2022-03-12,2022,71,0,0,0.30760736196319,0.30760736196319,20,0,0,-160.82,576.2599375
"220",2022-03-13,2022,72,0,0,0.306104294478528,0.306104294478528,20,0,0,174.73,578.029614583333
"221",2022-03-14,2022,73,0,0,0.304601226993865,0.304601226993865,20,0,0,155.35,585.374302083333
"222",2022-03-15,2022,74,0,0,0.303098159509202,0.303098159509202,20,0,0,96.2,589.240126315789
"223",2022-03-16,2022,75,0,0,0.30159509202454,0.30159509202454,20,0,0,69.64,589.377927083333
"224",2022-03-17,2022,76,0,0,0.300092024539877,0.300092024539877,20,0,0,205.18,594.13315625
"225",2022-03-18,2022,77,0,0,0.298588957055215,0.298588957055215,20,0,8.13,131.55,554.529625
"226",2022-03-19,2022,78,0,0,0.297085889570552,0.297085889570552,20,0,0,139.78,571.113729166667
"227",2022-03-20,2022,79,0,0,0.29558282208589,0.29558282208589,20,0,0,283.64,579.23025
"228",2022-03-21,2022,80,0,0,0.294079754601227,0.294079754601227,20,0,4.57,339.99,592.525427083333
"229",2022-03-22,2022,81,0,0,0.292576687116564,0.292576687116564,20,0,15.48,89.25,530.902494736842
"230",2022-03-23,2022,82,0,0,0.291073619631902,0.291073619631902,20,0,0.5,52.35,562.792489583333
"231",2022-03-24,2022,83,0,0,0.289570552147239,0.289570552147239,20,0,0,60.59,567.297677083333
"232",2022-03-25,2022,84,0,0,0.288067484662577,0.288067484662577,20,0,0,120.03,576.786885416667
"233",2022-03-26,2022,85,0,0,0.286564417177914,0.286564417177914,20,0,0,40.76,586.016708333333
"234",2022-03-27,2022,86,0,0,0.285061349693251,0.285061349693251,20,0,0,-10.46,585.884802083333
"235",2022-03-28,2022,87,0,0,0.283558282208589,0.283558282208589,20,0,0,93.41,596.918083333333
"236",2022-03-29,2022,88,0,0,0.282055214723926,0.282055214723926,20,0,0,247.35,599.248042105263
"237",2022-03-30,2022,89,0,0,0.280552147239264,0.280552147239264,20,0,0,72.75,601.206739583333
"238",2022-03-31,2022,90,0,0,0.279049079754601,0.279049079754601,20,0,0,1.46,584.074197916667
"239",2022-04-01,2022,91,0,0,0.277546012269939,0.277546012269939,20,0,1.52,115.86,591.629229166667
"240",2022-04-02,2022,92,0,0,0.276042944785276,0.276042944785276,20,0,0,192.44,586.340958333333
"241",2022-04-03,2022,93,0,0,0.274539877300613,0.274539877300613,20,0,0,217.73,599.169322916667
"242",2022-04-04,2022,94,0,0,0.273036809815951,0.273036809815951,20,0,0,128.86,599.19984375
"243",2022-04-05,2022,95,0,0,0.271533742331288,0.271533742331288,20,0,0,210.59,603.910957894737
"244",2022-04-06,2022,96,0,0,0.270030674846626,0.270030674846626,20,0,0,165.78,596.861729166667
"245",2022-04-07,2022,97,0,0,0.268527607361963,0.268527607361963,20,0,0.5,91.6,603.08928125
"246",2022-04-08,2022,98,0,0,0.267024539877301,0.267024539877301,20,0,0,97.86,598.309541666667
"247",2022-04-09,2022,99,0,0,0.265521472392638,0.265521472392638,20,0,0,155.67,602.32221875
"248",2022-04-10,2022,100,0,0,0.264018404907975,0.264018404907975,20,0,0,280.37,614.901333333333
"249",2022-04-11,2022,101,0,0,0.262515337423313,0.262515337423313,20,0,0,219.03,612.181333333333
"250",2022-04-12,2022,102,0,0,0.26101226993865,0.26101226993865,20,0,2.54,406.28,616.987936842105
"251",2022-04-13,2022,103,0,0,0.259509202453988,0.259509202453988,20,0,0,97.7,583.182458333333
"252",2022-04-14,2022,104,0,0,0.258006134969325,0.258006134969325,20,0,0,94.59,597.710364583333
"253",2022-04-15,2022,105,0,0,0.256503067484663,0.256503067484663,20,0,0,63.83,603.269958333333
"254",2022-04-16,2022,106,0,0,0.255,0.255,20,0,0,73.56,608.0066875
"255",2022-04-17,2022,107,0,0,0.253496932515337,0.253496932515337,20,0,0,91.33,610.879177083333
"256",2022-04-18,2022,108,0,0,0.251993865030675,0.251993865030675,20,0,0,89.12,609.9294375
"257",2022-04-19,2022,109,0,0,0.250490797546012,0.250490797546012,20,0,0,106.35,612.955442105263
"258",2022-04-20,2022,110,0,0,0.24898773006135,0.24898773006135,20,0,0.5,247.31,609.7925625
"259",2022-04-21,2022,111,0,0,0.247484662576687,0.247484662576687,20,0,0,259.33,608.3494375
"260",2022-04-22,2022,112,0,0,0.245981595092024,0.245981595092024,20,0,3.3,520.97,605.127010416667
"261",2022-04-23,2022,113,0,0,0.244478527607362,0.244478527607362,20,0,0,501.94,617.746145833333
"262",2022-04-24,2022,114,0,0,0.242975460122699,0.242975460122699,20,0,0,202.48,618.004197916667
"263",2022-04-25,2022,115,0,0,0.241472392638037,0.241472392638037,20,0,0,165.67,618.780479166667
"264",2022-04-26,2022,116,0,0,0.239969325153374,0.239969325153374,20,0,0,224.43,617.749736842105
"265",2022-04-27,2022,117,0,0,0.238466257668712,0.238466257668712,20,0,0,444.23,627.781885416667
"266",2022-04-28,2022,118,0,0,0.236963190184049,0.236963190184049,20,0,0.51,479.82,630.4880625
"267",2022-04-29,2022,119,0,0,0.235460122699386,0.235460122699386,20,0,18.8,367.12,580.93203125
"268",2022-04-30,2022,120,0,0,0.233957055214724,0.233957055214724,20,0,1.27,231.11,531.635822916667
"269",2022-05-01,2022,121,0,0,0.232453987730061,0.232453987730061,20,0,0,258.32,575.771
"270",2022-05-02,2022,122,0,0,0.230950920245399,0.230950920245399,20,0,37.08,119.18,556.3478125
"271",2022-05-03,2022,123,0,0,0.229447852760736,0.229447852760736,20,0,0,176.58,550.212326315789
"272",2022-05-04,2022,124,0,0,0.227944785276074,0.227944785276074,20,0,5.59,216.66,572.982458333333
"273",2022-05-05,2022,125,0,0,0.226441717791411,0.226441717791411,20,0,2.79,255.75,555.878979166667
"274",2022-05-06,2022,126,0,0,0.224938650306748,0.224938650306748,20,0,0.5,333.61,568.09728125
"275",2022-05-07,2022,127,0,0,0.223435582822086,0.223435582822086,20,0,0,392.51,585.712447916667
"276",2022-05-08,2022,128,0,0,0.221932515337423,0.221932515337423,20,0,2.28,393.91,581.988333333333
"277",2022-05-09,2022,129,0,0,0.220429447852761,0.220429447852761,20,0,0,601.02,593.71171875
"278",2022-05-10,2022,130,0,0,0.218926380368098,0.218926380368098,20,0,0,533.29,606.797547368421
"279",2022-05-11,2022,131,0,0,0.217423312883436,0.217423312883436,20,0,0,642.53,610.140614583333
"280",2022-05-12,2022,132,0,0,0.215920245398773,0.215920245398773,20,0,2.54,620.24,617.58771875
"281",2022-05-13,2022,133,0,0,0.21441717791411,0.21441717791411,20,0,0.25,468.28,587.7334375
"282",2022-05-14,2022,134,0,0,0.212914110429448,0.212914110429448,20,0,0.25,467.68,610.276947916667
"283",2022-05-15,2022,135,0,0,0.211411042944785,0.211411042944785,20,0,0.25,380.24,607.851125
"284",2022-05-16,2022,136,0,0,0.209907975460123,0.209907975460123,20,0,0,436.11,616.902739583333
"285",2022-05-17,2022,137,0,0,0.20840490797546,0.20840490797546,20,0,12.18,460.44,602.272578947368
"286",2022-05-18,2022,138,0,0,0.206901840490798,0.206901840490798,20,0,2.54,499.04,571.173177083333
"287",2022-05-19,2022,139,0,0,0.205398773006135,0.205398773006135,20,0,0,569.48,595.481229166667
"288",2022-05-20,2022,140,0,0,0.203895705521472,0.203895705521472,20,0,0,368.23,609.780114583333
"289",2022-05-21,2022,141,0,0,0.20239263803681,0.20239263803681,20,0,0,237.47,612.996541666667
"290",2022-05-22,2022,142,0,0,0.200889570552147,0.200889570552147,20,0,0,278.71,617.769177083333
"291",2022-05-23,2022,143,0,0,0.199386503067485,0.199386503067485,20,0,0,330.25,620.333333333333
"292",2022-05-24,2022,144,0,0,0.197883435582822,0.197883435582822,20,0,18.79,279.84,599.616442105263
"293",2022-05-25,2022,145,0,0,0.196380368098159,0.196380368098159,20,0,17.27,252.1,530.606458333333
"294",2022-05-26,2022,146,0,0,0.194877300613497,0.194877300613497,20,0,2.28,291.31,529.663239583333
"295",2022-05-27,2022,147,0,0,0.193374233128834,0.193374233128834,20,0,0,418.08,578.224947916667
"296",2022-05-28,2022,148,0,0,0.191871165644172,0.191871165644172,20,0,0,570.06,600.400322916667
"297",2022-05-29,2022,149,0,0,0.190368098159509,0.190368098159509,20,0,0,616.9,611.6450625
"298",2022-05-30,2022,150,0,0,0.188865030674847,0.188865030674847,20,0,0,581.63,615.20828125
"299",2022-05-31,2022,151,0,0,0.187361963190184,0.187361963190184,20,0,0,460.47,617.598684210526
"300",2022-06-01,2022,152,0,0,0.185858895705521,0.185858895705521,20,0,0,371.63,625.3996875
"301",2022-06-02,2022,153,0,0,0.184355828220859,0.184355828220859,20,0,0,420.49,623.451614583333
"302",2022-06-03,2022,154,0,0,0.182852760736196,0.182852760736196,20,0,0,494.89,630.621822916667
"303",2022-06-04,2022,155,0,0,0.181349693251534,0.181349693251534,20,0,0.25,464.83,624.730291666667
"304",2022-06-05,2022,156,0,0,0.179846625766871,0.179846625766871,20,0,0.76,492.25,623.179385416667
"305",2022-06-06,2022,157,0,0,0.178343558282209,0.178343558282209,20,0,0,477.3,623.134822916667
"306",2022-06-07,2022,158,0,0,0.176840490797546,0.176840490797546,20,0,8.63,487.82,631.710326315789
"307",2022-06-08,2022,159,0,0,0.175337423312883,0.175337423312883,20,0,0,467.29,580.19553125
"308",2022-06-09,2022,160,0,0,0.173834355828221,0.173834355828221,20,0,2.54,446.75,603.113104166667
"309",2022-06-10,2022,161,0,0,0.172331288343558,0.172331288343558,20,0,0.25,504.61,600.475864583333
"310",2022-06-11,2022,162,0,0,0.170828220858896,0.170828220858896,20,0,5.08,557.02,597.478604166667
"311",2022-06-12,2022,163,0,0,0.169325153374233,0.169325153374233,20,0,0,599.99,585.63875
"312",2022-06-14,2022,165,0.0313966542464026,0.00643955410057795,0.16782208588957,0.199218740135973,10.1666666666667,0.983192080250175,14.48,704.1,629.338547368421
"313",2022-06-15,2022,166,0.0426688590064814,0.0129352871157338,0.166319018404908,0.208987877411389,10.9666666666667,1.01577661785936,39.11,482.75,550.771135416667
"314",2022-06-16,2022,167,0.05394106376656,0.0194310201308896,0.164815950920245,0.218757014686805,11.7666666666667,1.04836115546855,4.07,547.7,585.41071875
"315",2022-06-17,2022,168,0.0652132685266389,0.0259267531460454,0.163312883435583,0.228526151962222,12.5666666666667,1.08094569307774,5.33,606.71,568.548322916667
"316",2022-06-18,2022,169,0.0764854732867175,0.032422486161201,0.16180981595092,0.238295289237637,13.3666666666667,1.11353023068692,0,674.52,604.605354166667
"317",2022-06-19,2022,170,0.0877576780467961,0.0389182191763568,0.160306748466258,0.248064426513054,14.1666666666667,1.14611476829611,0,679.92,622.406020833333
"318",2022-06-20,2022,171,0.099029882806875,0.0454139521915127,0.158803680981595,0.25783356378847,14.9666666666667,1.17869930590529,0,706.47,636.731489583333
"319",2022-06-21,2022,172,0.110302087566954,0.0519096852066685,0.157300613496932,0.267602701063886,15.7666666666667,1.21128384351448,0,632.06,641.373357894737
"320",2022-06-22,2022,173,0.121574292327032,0.0584054182218243,0.15579754601227,0.277371838339302,16.5666666666667,1.24386838112367,0,571.19,647.360916666667
"321",2022-06-23,2022,174,0.132846497087111,0.0649011512369801,0.154294478527607,0.287140975614718,17.3666666666667,1.27645291873286,0,558.25,653.354395833333
"322",2022-06-24,2022,175,0.14411870184719,0.071396884252136,0.152791411042945,0.296910112890135,18.1666666666667,1.30903745634204,0,572.92,659.770302083333
"323",2022-06-25,2022,176,0.155390906607269,0.0778926172672918,0.151288343558282,0.306679250165551,18.9666666666667,1.34162199395123,0,581.02,655.038177083333
"324",2022-06-26,2022,177,0.166663111367347,0.0843883502824476,0.14978527607362,0.316448387440967,19.7666666666667,1.37420653156041,0,462.3,659.624708333333
"325",2022-06-27,2022,178,0.177935316127426,0.0908840832976034,0.148282208588957,0.326217524716383,20.5666666666667,1.4067910691696,0,472.06,661.457666666667
"326",2022-06-28,2022,179,0.189207520887505,0.0973798163127593,0.146779141104294,0.335986661991799,21.3666666666667,1.43937560677879,0,536.7,669.07047368421
"327",2022-06-29,2022,180,0.200479725647584,0.103875549327915,0.145276073619632,0.345755799267216,22.1666666666667,1.47196014438798,0,627.95,672.870114583333
"328",2022-06-30,2022,181,0.235058145443755,0.108960645086251,0.143773006134969,0.378831151578724,23.3333333333334,1.60996215818205,0,655.64,678.200697916667
"329",2022-07-01,2022,182,0.269636565239926,0.114045740844588,0.142269938650307,0.411906503890233,24.5000000000001,1.74796417197612,0,555.4,658.544104166667
"330",2022-07-02,2022,183,0.304214985036097,0.119130836602924,0.140766871165644,0.444981856201741,25.6666666666667,1.88596618577019,0,511,659.987260416667
"331",2022-07-03,2022,184,0.338793404832269,0.124215932361261,0.139263803680982,0.478057208513251,26.8333333333334,2.02396819956426,0,567.27,667.311020833333
"332",2022-07-04,2022,185,0.37337182462844,0.129301028119597,0.137760736196319,0.511132560824759,28.0000000000001,2.16197021335833,7.88,689.76,621.9885
"333",2022-07-05,2022,186,0.407950244424611,0.134386123877934,0.136257668711656,0.544207913136267,29.1666666666667,2.29997222715241,0,687.56,638.490063157895
"334",2022-07-06,2022,187,0.442528664220782,0.13947121963627,0.134754601226994,0.577283265447776,30.3333333333334,2.43797424094648,2.79,561.83,625.16596875
"335",2022-07-07,2022,188,0.477107084016954,0.144556315394607,0.133251533742331,0.610358617759285,31.5000000000001,2.57597625474055,0.76,583.65,635.998302083333
"336",2022-07-08,2022,189,0.511685503813124,0.149641411152943,0.131748466257669,0.643433970070793,32.6666666666667,2.71397826853462,0,577.14,637.07228125
"337",2022-07-09,2022,190,0.546263923609295,0.15472650691128,0.130245398773006,0.676509322382301,33.8333333333334,2.85198028232869,0,583.93,650.1625
"338",2022-07-10,2022,191,0.580842343405466,0.159811602669616,0.128742331288344,0.70958467469381,35.0000000000001,2.98998229612276,0,634.4,658.99671875
"339",2022-07-11,2022,192,0.615420763201637,0.164896698427953,0.127239263803681,0.742660027005318,36.1666666666667,3.12798430991683,0,601.44,661.935072916667
"340",2022-07-12,2022,193,0.649999182997814,0.169981794186291,0.125736196319018,0.775735379316832,37.3333333333335,3.26598632371091,0,545.97,666.767715789474
"341",2022-07-13,2022,194,0.700034375094191,0.190785805072025,0.124233128834356,0.824267503928547,39.0740740740742,3.38996344996985,0,593.18,665.1653125
"342",2022-07-14,2022,195,0.75006956719057,0.211589815957759,0.122730061349693,0.872799628540263,40.814814814815,3.51394057622878,0,653.95,670.525645833333
"343",2022-07-15,2022,196,0.800104759286947,0.232393826843493,0.121226993865031,0.921331753151978,42.5555555555557,3.63791770248772,0,688.28,678.2031875
"344",2022-07-16,2022,197,0.850139951383325,0.253197837729227,0.119723926380368,0.969863877763693,44.2962962962964,3.76189482874666,2.54,600.53,678.1450625
"345",2022-07-17,2022,198,0.900175143479702,0.27400184861496,0.118220858895705,1.01839600237541,46.0370370370372,3.88587195500559,0.25,600.12,658.812447916667
"346",2022-07-18,2022,199,0.950210335576081,0.294805859500694,0.116717791411043,1.06692812698712,47.7777777777779,4.00984908126453,0,604.28,669.72184375
"347",2022-07-19,2022,200,1.00024552767246,0.315609870386429,0.11521472392638,1.11546025159884,49.5185185185186,4.13382620752346,0,653.26,677.035010526316
"348",2022-07-20,2022,201,1.05028071976884,0.336413881272162,0.113711656441718,1.16399237621056,51.2592592592594,4.2578033337824,0,611.92,677.679614583333
"349",2022-07-21,2022,202,1.10031591186521,0.357217892157895,0.112208588957055,1.21252450082226,53,4.38178046004132,0,619.08,678.365239583333
"350",2022-07-22,2022,203,1.12787186854584,0.351885075620113,0.110705521472393,1.23857739001823,53.6111111111111,4.11755376684113,0.76,651.82,656.142385416667
"351",2022-07-23,2022,204,1.15542782522647,0.34655225908233,0.10920245398773,1.2646302792142,54.2222222222222,3.85332707364093,0,708.14,670.94978125
"352",2022-07-24,2022,205,1.1829837819071,0.341219442544548,0.107699386503067,1.29068316841017,54.8333333333333,3.58910038044074,0,614.98,670.853947916667
"353",2022-07-25,2022,206,1.21053973858773,0.335886626006766,0.106196319018405,1.31673605760613,55.4444444444445,3.32487368724054,0,489.67,674.26984375
"354",2022-07-26,2022,207,1.23809569526836,0.330553809468984,0.104693251533742,1.3427889468021,56.0555555555556,3.06064699404035,4.06,539.99,678.605052631579
"355",2022-07-27,2022,208,1.26565165194899,0.325220992931202,0.10319018404908,1.36884183599807,56.6666666666667,2.79642030084015,0.25,590.94,645.891979166667
"356",2022-07-28,2022,209,1.29320760862962,0.31988817639342,0.101687116564417,1.39489472519404,57.2777777777778,2.53219360763996,0,528.9,668.2073125
"357",2022-07-29,2022,210,1.32076356531025,0.314555359855637,0.100184049079755,1.42094761439001,57.8888888888889,2.26796691443977,0,490.13,662.553645833333
"358",2022-07-30,2022,211,1.34831952199087,0.309222543317855,0.098680981595092,1.44700050358596,58.5,2.00374022123957,0,509.35,671.704135416667
"359",2022-07-31,2022,212,1.3758754786715,0.303889726780073,0.0971779141104294,1.47305339278193,59.1111111111111,1.73951352803938,0,608.23,680.440822916667
"360",2022-08-01,2022,213,1.40343143535213,0.298556910242291,0.0956748466257668,1.4991062819779,59.7222222222222,1.47528683483919,0,647.73,679.752364583333
"361",2022-08-02,2022,214,1.43098739203276,0.293224093704508,0.0941717791411043,1.52515917117386,60.3333333333334,1.21106014163903,0,704.1,679.556894736842
"362",2022-08-03,2022,215,1.45395467812381,0.288797965415557,0.0926687116564416,1.54662338978025,60.9375000000001,1.42851986777556,3.3,701.95,661.291260416667
"363",2022-08-04,2022,216,1.47692196421486,0.284371837126606,0.0911656441717791,1.56808760838664,61.5416666666667,1.64597959391208,0,589.79,668.476697916667
"364",2022-08-05,2022,217,1.49988925030591,0.279945708837655,0.0896625766871165,1.58955182699303,62.1458333333334,1.86343932004861,0,638.49,671.47096875
"365",2022-08-06,2022,218,1.52285653639696,0.275519580548703,0.0881595092024539,1.61101604559941,62.75,2.08089904618513,0,728.39,678.68053125
"366",2022-08-07,2022,219,1.54582382248801,0.271093452259752,0.0866564417177914,1.6324802642058,63.3541666666667,2.29835877232166,6.35,648.56,675.061125
"367",2022-08-08,2022,220,1.56879110857906,0.266667323970801,0.0851533742331287,1.65394448281219,63.9583333333334,2.51581849845819,30.99,513.44,638.147864583333
"368",2022-08-09,2022,221,1.59175839467011,0.26224119568185,0.0836503067484662,1.67540870141858,64.5625,2.73327822459471,0,525.14,649.518084210526
"369",2022-08-10,2022,222,1.61472568076116,0.257815067392899,0.0821472392638036,1.69687292002496,65.1666666666667,2.95073795073124,0,587.59,659.762645833333
"370",2022-08-11,2022,223,1.63769296685221,0.253388939103948,0.080644171779141,1.71833713863135,65.7708333333334,3.16819767686776,0,604.67,668.363416666667
"371",2022-08-12,2022,224,1.66066025294326,0.248962810814997,0.0791411042944785,1.73980135723774,66.375,3.38565740300429,0,607.47,669.212302083333
"372",2022-08-13,2022,225,1.68362753903431,0.244536682526046,0.0776380368098159,1.76126557584413,66.9791666666667,3.60311712914081,0,601.86,677.942364583333
"373",2022-08-14,2022,226,1.70659482512536,0.240110554237094,0.0761349693251533,1.78272979445051,67.5833333333333,3.82057685527734,0,549.1,679.960895833333
"374",2022-08-15,2022,227,1.72956211121641,0.235684425948143,0.0746319018404907,1.8041940130569,68.1875,4.03803658141386,14.97,469.5,645.513354166667
"375",2022-08-16,2022,228,1.75252939730746,0.231258297659192,0.0731288343558282,1.82565823166329,68.7916666666667,4.25549630755039,3.29,465.05,590.3118
"376",2022-08-17,2022,229,1.77549668339851,0.226832169370241,0.0716257668711656,1.84712245026968,69.3958333333333,4.47295603368692,0,505.27,615.766020833333
"377",2022-08-18,2022,230,1.79846396948956,0.222406041081292,0.070122699386503,1.86858666887606,70,4.69041575982342,0,415.89,622.882739583333
"378",2022-08-19,2022,231,1.81694629891203,0.245941717671909,0.0686196319018404,1.88556593081387,69.7435897435897,4.61189883357081,0,522.4,641.339760416667
"379",2022-08-20,2022,232,1.83542862833451,0.269477394262526,0.0671165644171778,1.90254519275169,69.4871794871795,4.53338190731819,0,494.8,649.058072916667
"380",2022-08-21,2022,233,1.85391095775699,0.293013070853142,0.0656134969325153,1.91952445468951,69.2307692307692,4.45486498106558,0,503.89,654.20578125
"381",2022-08-22,2022,234,1.87239328717946,0.316548747443759,0.0641104294478527,1.93650371662731,68.974358974359,4.37634805481296,0,517.54,656.35740625
"382",2022-08-23,2022,235,1.89087561660194,0.340084424034377,0.0626073619631901,1.95348297856513,68.7179487179487,4.29783112856035,0,556.25,660.904021052632
"383",2022-08-24,2022,236,1.90935794602442,0.363620100624994,0.0611042944785276,1.97046224050295,68.4615384615385,4.21931420230774,0,597.79,668.745916666667
"384",2022-08-25,2022,237,1.92784027544689,0.387155777215611,0.0596012269938649,1.98744150244075,68.2051282051282,4.14079727605512,0,565.3,668.322552083333
"385",2022-08-26,2022,238,1.94632260486937,0.410691453806228,0.0580981595092024,2.00442076437857,67.948717948718,4.06228034980251,0,552.03,671.369614583333
"386",2022-08-27,2022,239,1.96480493429185,0.434227130396845,0.0565950920245398,2.02140002631639,67.6923076923077,3.98376342354989,9.14,559.23,663.5038125
"387",2022-08-28,2022,240,1.98328726371432,0.457762806987462,0.0550920245398772,2.0383792882542,67.4358974358974,3.90524649729728,0,618.24,627.60059375
"388",2022-08-29,2022,241,2.0017695931368,0.48129848357808,0.0535889570552147,2.05535855019201,67.1794871794872,3.82672957104466,1.52,561.22,625.18959375
"389",2022-08-30,2022,242,2.02025192255928,0.504834160168696,0.0520858895705521,2.07233781212983,66.9230769230769,3.74821264479205,0,510.81,637.313663157895
"390",2022-08-31,2022,243,2.03873425198175,0.528369836759313,0.0505828220858895,2.08931707406764,66.6666666666667,3.66969571853944,0,547.45,645.0561875
"391",2022-09-01,2022,244,1.99136235318155,0.514206701850981,0.0490797546012269,2.04044210778278,66.5641025641026,3.73710839908732,0,557.35,656.056552083333
"392",2022-09-02,2022,245,1.94399045438135,0.50004356694265,0.0475766871165643,1.99156714149791,66.4615384615385,3.80452107963521,0,616.55,665.7806875
"393",2022-09-03,2022,246,1.89661855558115,0.485880432034319,0.0460736196319018,1.94269217521305,66.3589743589743,3.8719337601831,0,507.11,669.04540625
"394",2022-09-04,2022,247,1.84924665678095,0.471717297125988,0.0445705521472392,1.89381720892819,66.2564102564102,3.93934644073098,0,448.08,668.700333333333
"395",2022-09-05,2022,248,1.80187475798075,0.457554162217657,0.0430674846625766,1.84494224264333,66.1538461538461,4.00675912127887,0,489.49,668.434635416667
"396",2022-09-06,2022,249,1.75450285918055,0.443391027309326,0.041564417177914,1.79606727635846,66.051282051282,4.07417180182675,0,564,675.993452631579
"397",2022-09-07,2022,250,1.70713096038035,0.429227892400994,0.0400613496932515,1.7471923100736,65.9487179487179,4.14158448237464,0,545.79,676.50065625
"398",2022-09-08,2022,251,1.65975906158015,0.415064757492663,0.0385582822085889,1.69831734378874,65.8461538461538,4.20899716292252,0,564.01,678.378885416667
"399",2022-09-09,2022,252,1.61238716277995,0.400901622584332,0.0370552147239263,1.64944237750388,65.7435897435897,4.27640984347041,0,468.42,677.45784375
"400",2022-09-10,2022,253,1.56501526397975,0.386738487676001,0.0355521472392638,1.60056741121901,65.6410256410256,4.34382252401829,19.06,345.03,598.136895833333
"401",2022-09-11,2022,254,1.51764336517954,0.37257535276767,0.0340490797546011,1.55169244493414,65.5384615384615,4.41123520456618,0,363.65,598.945291666667
"402",2022-09-12,2022,255,1.47027146637934,0.358412217859339,0.0325460122699386,1.50281747864928,65.4358974358974,4.47864788511407,0,416.5,609.84003125
"403",2022-09-13,2022,256,1.42289956757913,0.344249082951006,0.031042944785276,1.45394251236441,65.3333333333333,4.54606056566193,0,484.28,625.087189473684
"404",2022-09-14,2022,257,1.35229822928493,0.331624851379556,0.0295398773006134,1.38183810658554,64.9871794871795,4.37456411552274,0,565.33,637.575135416667
"405",2022-09-15,2022,258,1.28169689099073,0.319000619808107,0.0280368098159509,1.30973370080668,64.6410256410256,4.20306766538356,0,563.76,644.960708333333
"406",2022-09-16,2022,259,1.21109555269653,0.306376388236657,0.0265337423312882,1.23762929502782,64.2948717948718,4.03157121524438,0,545.95,654.554333333333
"407",2022-09-17,2022,260,1.14049421440233,0.293752156665207,0.0250306748466257,1.16552488924896,63.9487179487179,3.8600747651052,6.61,538.94,629.8131875
"408",2022-09-18,2022,261,1.06989287610813,0.281127925093758,0.0235276073619631,1.09342048347009,63.6025641025641,3.68857831496601,0,551.14,633.4263125
"409",2022-09-19,2022,262,0.999291537813932,0.268503693522309,0.0220245398773005,1.02131607769123,63.2564102564102,3.51708186482683,0,584.28,640.558760416667
"410",2022-09-20,2022,263,0.928690199519728,0.255879461950859,0.020521472392638,0.949211671912366,62.9102564102564,3.34558541468764,0,716.34,655.628526315789
"411",2022-09-21,2022,264,0.858088861225529,0.24325523037941,0.0190184049079754,0.877107266133504,62.5641025641026,3.17408896454846,0,434.07,655.042625
"412",2022-09-22,2022,265,0.787487522931329,0.23063099880796,0.0175153374233128,0.805002860354642,62.2179487179487,3.00259251440927,0,315.18,655.950322916667
"413",2022-09-23,2022,266,0.716886184637129,0.218006767236511,0.0160122699386502,0.732898454575779,61.8717948717949,2.83109606427009,3.04,321.34,626.314947916667
"414",2022-09-24,2022,267,0.646284846342926,0.205382535665061,0.0145092024539877,0.660794048796914,61.525641025641,2.6595996141309,0,432.3,628.9384
"415",2022-09-25,2022,268,0.575683508048726,0.192758304093612,0.0130061349693251,0.588689643018051,61.1794871794872,2.48810316399172,0,412.02,639.294427083333
"416",2022-09-26,2022,269,0.35963129992114,0.528369836759313,0.0115030674846625,0.371134367405803,60.8333333333334,2.31660671385254,0,339.99,649.8345625
"417",2022-09-27,2022,270,0,0,0,0,0,0,0,372.09,651.125126315789
"418",2022-09-28,2022,271,0,0,0,0,0,0,0,261.16,659.073729166667
"419",2022-09-29,2022,272,0,0,0,0,0,0,0,350.22,659.715677083333
"420",2022-09-30,2022,273,0,0,0,0,0,0,0,435.31,670.078854166667
"421",2022-10-01,2022,274,0,0,0,0,0,0,0,430.24,668.728094736842
"422",2022-10-02,2022,275,0,0,0,0,0,0,0,411.99,673.013385416667
"423",2022-10-03,2022,276,0,0,0,0,0,0,0,441.03,670.644864583333
"424",2022-10-04,2022,277,0,0,0,0,0,0,0.25,425.63,678.14612631579
"425",2022-10-05,2022,278,0,0,0,0,0,0,0,392.22,672.035458333333
"426",2022-10-06,2022,279,0,0,0,0,0,0,0,314.47,670.29928125
"427",2022-10-07,2022,280,0,0,0,0,0,0,0,182.66,677.581979166667
"428",2022-10-08,2022,281,0,0,0,0,0,0,0,175.83,668.097252631579
"429",2022-10-09,2022,282,0,0,0,0,0,0,0,311.45,677.999125
"430",2022-10-10,2022,283,0,0,0,0,0,0,0,338.09,671.636854166667
"431",2022-10-11,2022,284,0,0,0,0,0,0,10.92,481.01,682.578905263158
"432",2022-10-12,2022,285,0,0,0,0,0,0,1.02,304.61,600.4716875
"433",2022-10-13,2022,286,0,0,0,0,0,0,0,248.74,630.200010416667
"434",2022-10-14,2022,287,0,0,0,0,0,0,0,209.62,638.431385416667
"435",2022-10-15,2022,288,0,0,0,0,0,0,0,206.24,640.836583333333
"436",2022-10-16,2022,289,0,0,0,0,0,0,0,192.86,648.0225
"437",2022-10-17,2022,290,0,0,0,0,0,0,0,38.01,646.13496875
"438",2022-10-18,2022,291,0,0,0,0,0,0,0,-57.41,648.224736842105
"439",2022-10-19,2022,292,0,0,0,0,0,0,0,54.18,643.990833333333
"440",2022-10-20,2022,293,0,0,0,0,0,0,0,248.63,653.103115789474
"441",2022-10-21,2022,294,0,0,0,0,0,0,0,334.47,657.174739583333
"442",2022-10-22,2022,295,0,0,0,0,0,0,0,356.39,656.053208333333
"443",2022-10-23,2022,296,0,0,0,0,0,0,0,544.91,667.639239583333
"444",2022-10-24,2022,297,0,0,0,0,0,0,3.06,242.09,649.5820625
"445",2022-10-25,2022,298,0,0,0,0,0,0,0,132.22,634.332873684211
"446",2022-10-26,2022,299,0,0,0,0,0,0,0,168.08,642.98915625
"447",2022-10-27,2022,300,0,0,0,0,0,0,0,274.21,655.975135416667
"448",2022-10-28,2022,301,0,0,0,0,0,0,0,212.77,658.837083333333
"449",2022-10-29,2022,302,0,0,0,0,0,0,0,230.76,659.700333333333
"450",2022-10-30,2022,303,0,0,0,0,0,0,0,266.63,659.0035625
"451",2022-10-31,2022,304,0,0,0,0,0,0,0,219.45,660.342885416667
"452",2022-11-01,2022,305,0,0,0,0,0,0,0,339.54,661.835736842105
"453",2022-11-02,2022,306,0,0,0,0,0,0,0,415.73,670.89209375
"454",2022-11-03,2022,307,0,0,0,0,0,0,0,378.01,674.30971875
"455",2022-11-04,2022,308,0,0,0,0,0,0,11.43,71.85,617.831645833333
"456",2022-11-05,2022,309,0,0,0,0,0,0,0,137.22,620.868916666667
"457",2022-11-06,2022,310,0,0,0,0,0,0,0,230.41,629.904010416667
"458",2022-11-07,2022,311,0,0,0,0,0,0,0,131.18,637.518625
"459",2022-11-08,2022,312,0,0,0,0,0,0,0.25,280.5,644.114494736842
"460",2022-11-09,2022,313,0,0,0,0,0,0,0,480.61,647.204875
"461",2022-11-10,2022,314,0,0,0,0,0,0,1.01,184.4,639.143
"462",2022-11-11,2022,315,0,0,0,0,0,0,0,-126.34,640.97
"463",2022-11-12,2022,316,0,0,0,0,0,0,0,-168.21,645.317708333333
"464",2022-11-13,2022,317,0,0,0,0,0,0,0,-131.25,638.51059375
"465",2022-11-14,2022,318,0,0,0,0,0,0,0,-48.9,643.694802083333
"466",2022-11-15,2022,319,0,0,0,0,0,0,0,-123.26,637.745821052632
"467",2022-11-16,2022,320,0,0,0,0,0,0,0,-129.84,643.996739583333
"468",2022-11-17,2022,321,0,0,0,0,0,0,0,-62.76,646.597020833333
"469",2022-11-18,2022,322,0,0,0,0,0,0,0,-210.63,647.674677083333
"470",2022-11-19,2022,323,0,0,0,0,0,0,0,-122.09,653.063885416667
"471",2022-11-20,2022,324,0,0,0,0,0,0,0,-25.75,647.288260416667
"472",2022-11-21,2022,325,0,0,0,0,0,0,0,-6.26,652.970135416667
"473",2022-11-22,2022,326,0,0,0,0,0,0,0,20.98,648.877157894737
"474",2022-11-23,2022,327,0,0,0,0,0,0,0,72.04,647.866541666667
"475",2022-11-24,2022,328,0,0,0,0,0,0,0,71.57,655.637645833333
"476",2022-11-25,2022,329,0,0,0,0,0,0,0,25.5,656.982229166667
"477",2022-11-26,2022,330,0,0,0,0,0,0,0,120.07,657.946916666667
"478",2022-11-27,2022,331,0,0,0,0,0,0,0,26.24,659.06040625
"479",2022-11-28,2022,332,0,0,0,0,0,0,0,48.83,658.455729166667
"480",2022-11-29,2022,333,0,0,0,0,0,0,0,-44.62,633.670136842105
"481",2022-11-30,2022,334,0,0,0,0,0,0,0,-186.51,644.6973125
"482",2022-12-01,2022,335,0,0,0,0,0,0,0,10.41,651.756697916667
"483",2022-12-02,2022,336,0,0,0,0,0,0,0,69.72,663.9341875
"484",2022-12-03,2022,337,0,0,0,0,0,0,0,-176.73,656.789916666667
"485",2022-12-04,2022,338,0,0,0,0,0,0,0,-43.3,658.87215625
"486",2022-12-05,2022,339,0,0,0,0,0,0,0,-2.64,657.695614583333
"487",2022-12-06,2022,340,0,0,0,0,0,0,0,-60.53,661.187178947368
"488",2022-12-07,2022,341,0,0,0,0,0,0,0,-121.76,655.809614583333
"489",2022-12-08,2022,342,0,0,0,0,0,0,3.3,-100.97,645.438208333333
"490",2022-12-09,2022,343,0,0,0,0,0,0,0.25,5.9,609.79715625
"491",2022-12-10,2022,344,0,0,0,0,0,0,0,7.04,637.228010416667
"492",2022-12-11,2022,345,0,0,0,0,0,0,0,-64.92,630.1943125
"493",2022-12-12,2022,346,0,0,0,0,0,0,6.6,26.12,630.704614583333
"494",2022-12-13,2022,347,0,0,0,0,0,0,14.72,94.3,540.732978947368
"495",2022-12-14,2022,348,0,0,0,0,0,0,0,-14.39,580.29971875
"496",2022-12-15,2022,349,0,0,0,0,0,0,0,-96.16,575.74621875
"497",2022-12-16,2022,350,0,0,0,0,0,0,0,-150.86,582.594291666667
"498",2022-12-17,2022,351,0,0,0,0,0,0,0,-189.27,588.908197916667
"499",2022-12-18,2022,352,0,0,0,0,0,0,0,-248.82,586.124760416667
"500",2022-12-19,2022,353,0,0,0,0,0,0,0.5,-137.92,577.400583333333
"501",2022-12-20,2022,354,0,0,0,0,0,0,0,-349.99,564.242694736842
"502",2022-12-21,2022,355,0,0,0,0,0,0,0,-302.36,568.842375
"503",2022-12-22,2022,356,0,0,0,0,0,0,0,-549.63,554.5103125
"504",2022-12-23,2022,357,0,0,0,0,0,0,0,-472.06,563.189729166667
"505",2022-12-24,2022,358,0,0,0,0,0,0,0,-376.89,574.162270833333
"506",2022-12-25,2022,359,0,0,0,0,0,0,0,-308.32,575.937715789474
"507",2022-12-26,2022,360,0,0,0,0,0,0,0.25,-241.22,586.637666666667
"508",2022-12-27,2022,361,0,0,0,0,0,0,0.25,-101.87,589.377136842105
"509",2022-12-28,2022,362,0,0,0,0,0,0,0,-49.64,595.547885416667
"510",2022-12-29,2022,363,0,0,0,0,0,0,0,-49.68,599.38203125
"511",2022-12-30,2022,364,0,0,0,0,0,0,0,-49.68,599.91740625
"512",2022-12-31,2022,365,0,0,0,0,0,0,0,-2.07,604.653736842105
"513",2023-01-01,2023,1,0,0,0,0,0,0,0,30.37,604.801354166667
"514",2023-01-02,2023,2,0,0,0,0,0,0,9.9,13.51,592.196364583333
"515",2023-01-03,2023,3,0,0,0,0,0,0,2.28,-19.06,512.2694
"516",2023-01-04,2023,4,0,0,0,0,0,0,0,-43.88,536.19746875
"517",2023-01-05,2023,5,0,0,0,0,0,0,0,-54.01,539.181604166667
"518",2023-01-06,2023,6,0,0,0,0,0,0,0,-70.59,541.99575
"519",2023-01-07,2023,7,0,0,0,0,0,0,0,-124.33,550.21565625
"520",2023-01-08,2023,8,0,0,0,0,0,0,0,-76.83,550.025294736842
"521",2023-01-09,2023,9,0,0,0,0,0,0,0,36.78,556.766208333333
"522",2023-01-10,2023,10,0,0,0,0,0,0,0,19.87,560.414340425532
"523",2023-01-11,2023,11,0,0,0,0,0,0,0,-9.33,564.08571875
"524",2023-01-12,2023,12,0,0,0,0,0,0,0,-113.14,567.092770833333
"525",2023-01-13,2023,13,0,0,0,0,0,0,0,-162.34,568.088052083333
"526",2023-01-14,2023,14,0,0,0,0,0,0,0,-16.51,571.32121875
"527",2023-01-15,2023,15,0,0,0,0,0,0,0,67.79,578.802708333333
"528",2023-01-16,2023,16,0,0,0,0,0,0,0,107.35,573.416833333333
"529",2023-01-17,2023,17,0,0,0,0,0,0,0,23.95,576.053547368421
"530",2023-01-18,2023,18,0,0,0,0,0,0,0,-33.51,550.33721875
"531",2023-01-19,2023,19,0,0,0,0,0,0,1.26,-56.98,449.35053125
"532",2023-01-20,2023,20,0,0,0,0,0,0,7.1,-75.83,470.96271875
"533",2023-01-21,2023,21,0,0,0,0,0,0,1.01,-95.61,465.163541666667
"534",2023-01-22,2023,22,0,0,0,0,0,0,0,-181.99,466.7644375
"535",2023-01-23,2023,23,0,0,0,0,0,0,2.04,-137.67,466.287802083333
"536",2023-01-24,2023,24,0,0,0,0,0,0,0,13.34,472.135178947368
"537",2023-01-25,2023,25,0,0,0,0,0,0,0,-142.04,473.975197916667
"538",2023-01-26,2023,26,0,0,0,0,0,0,0,-175.56,476.12365625
"539",2023-01-27,2023,27,0,0,0,0,0,0,0,25.69,478.416231578947
"540",2023-01-28,2023,28,0,0,0,0,0,0,0,-187.21,486.44584375
"541",2023-01-29,2023,29,0,0,0,0,0,0,0,-371.56,484.18521875
"542",2023-01-30,2023,30,0,0,0,0,0,0,0,-350.14,493.406072916667
"543",2023-01-31,2023,31,0,0,0,0,0,0,0,-247.53,494.112157894737
"544",2023-02-01,2023,32,0,0,0,0,0,0,0,-137.92,499.832197916667
"545",2023-02-02,2023,33,0,0,0,0,0,0,0,-218.45,503.513864583333
"546",2023-02-03,2023,34,0,0,0,0,0,0,0,-260.43,508.612239583333
"547",2023-02-04,2023,35,0,0,0,0,0,0,0,-6.71,514.105333333333
"548",2023-02-05,2023,36,0,0,0,0,0,0,0,34.93,515.005273684211
"549",2023-02-06,2023,37,0,0,0,0,0,0,0,80.06,517.149208333333
"550",2023-02-07,2023,38,0,0,0,0,0,0,0,57.38,521.274315789474
"551",2023-02-08,2023,39,0,0,0,0,0,0,0,53.44,524.365739583333
"552",2023-02-09,2023,40,0,0,0,0,0,0,0,0.700000000000001,536.71675
"553",2023-02-10,2023,41,0,0,0,0,0,0,0,-72.19,543.776760416667
"554",2023-02-11,2023,42,0,0,0,0,0,0,0,20.95,549.046302083333
"555",2023-02-12,2023,43,0,0,0,0,0,0,0,12.27,555.386
"556",2023-02-13,2023,44,0,0,0,0,0,0,0,75.07,560.96603125
"557",2023-02-14,2023,45,0,0,0,0,0,0,13.98,127.57,520.855715789474
"558",2023-02-15,2023,46,0,0,0,0,0,0,0,-77.53,524.618416666667
"559",2023-02-16,2023,47,0,0,0,0,0,0,1.01,-200,495.031552083333
"560",2023-02-17,2023,48,0,0,0,0,0,0,1.02,-251.73,466.325864583333
"561",2023-02-18,2023,49,0,0,0,0,0,0,0,-19.46,474.372510416667
"562",2023-02-19,2023,50,0,0,0,0,0,0,0,-3.78,483.752802083333
"563",2023-02-20,2023,51,0,0,0,0,0,0,0,66.33,493.731145833333
"564",2023-02-21,2023,52,0,0,0,0,0,0,0,23.8,514.175831578947
"565",2023-02-22,2023,53,0,0,0,0,0,0,0,-76.88,517.061541666667
"566",2023-02-23,2023,54,0,0,0,0,0,0,0,-314.14,501.423708333333
"567",2023-02-24,2023,55,0,0,0,0,0,0,0,-309.86,513.289885416667
"568",2023-02-25,2023,56,0,0,0,0,0,0,0,-91.42,523.293642105263
"569",2023-02-26,2023,57,0,0,0,0,0,0,17.01,54.17,536.2205625
"570",2023-02-27,2023,58,0,0,0,0,0,0,4.06,137.33,470.727489583333
"571",2023-02-28,2023,59,0,0,0,0,0,0,0,18.97,520.510663157895
"572",2023-03-01,2023,60,0,0,0,0,0,0,0,43.48,529.809166666667
"573",2023-03-02,2023,61,0,0,0,0,0,0,0,-29.63,537.482145833333
"574",2023-03-03,2023,62,0,0,0,0,0,0,0,48.66,543.638
"575",2023-03-04,2023,63,0,0,0,0,0,0,0,71.44,554.98565625
"576",2023-03-05,2023,64,0,0,0,0,0,0,0,124.73,560.619052631579
"577",2023-03-06,2023,65,0,0,0,0,0,0,0,43.2,570.527729166667
"578",2023-03-07,2023,66,0,0,0,0,0,0,0,63.51,575.116305263158
"579",2023-03-08,2023,67,0,0,0,0,0,0,0,41.54,574.718
"580",2023-03-09,2023,68,0,0,0,0,0,0,2.79,17.73,554.347864583333
"581",2023-03-10,2023,69,0,0,0,0,0,0,0,-19.65,569.896854166667
"582",2023-03-11,2023,70,0,0,0,0,0,0,0.5,-12.81,540.8832
"583",2023-03-12,2023,71,0,0,0,0,0,0,0,-62.29,550.833489583333
"584",2023-03-13,2023,72,0,0,0,0,0,0,0,-109.53,554.785239583333
"585",2023-03-14,2023,73,0,0,0,0,0,0,0,-8.21,558.802694736842
"586",2023-03-15,2023,74,0,0,0,0,0,0,0,219.27,570.387979166667
"587",2023-03-16,2023,75,0,0,0,0,0,0,6.86,31.16,544.571
"588",2023-03-17,2023,76,0,0,0,0,0,0,0,-84.63,534.76309375
"589",2023-03-18,2023,77,0,0,0,0,0,0,0,-190.24,553.483020833333
"590",2023-03-19,2023,78,0,0,0,0,0,0,0,-50.52,560.388957894737
"591",2023-03-20,2023,79,0,0,0,0,0,0,0,165.7,577.282739583333
"592",2023-03-21,2023,80,0,0,0,0,0,0,0,132.93,586.686915789474
"593",2023-03-22,2023,81,0,0,0,0,0,0,0,121.34,589.61053125
"594",2023-03-23,2023,82,0,0,0,0,0,0,0,18.56,594.368770833333
"595",2023-03-24,2023,83,0,0,0,0,0,0,0,74.08,599.15146875
"596",2023-03-25,2023,84,0,0,0,0,0,0,0,120.8,600.777895833333
"597",2023-03-26,2023,85,0,0,0,0,0,0,2.27,3.89,565.513614583333
"598",2023-03-27,2023,86,0,0,0,0,0,0,0,-43.95,575.433614583333
"599",2023-03-28,2023,87,0,0,0,0,0,0,0,50.04,591.451778947368
"600",2023-03-29,2023,88,0,0,0,0,0,0,0,20.97,602.217260416667
"601",2023-03-30,2023,89,0,0,0,0,0,0,0,274.79,606.3873125
"602",2023-03-31,2023,90,0,0,0,0,0,0,0,228.59,610.62027368421
"603",2023-04-01,2023,91,0,0,0,0,0,0,0,100.48,610.113489583333
"604",2023-04-02,2023,92,0,0,0,0,0,0,0,305.12,618.821947916667
"605",2023-04-03,2023,93,0,0,0,0,0,0,0,223.11,619.598854166667
"606",2023-04-04,2023,94,0,0,0,0,0,0,0,207.82,625.3542
"607",2023-04-05,2023,95,0,0,0,0,0,0,0,22.45,621.693333333333
"608",2023-04-06,2023,96,0,0,0,0,0,0,0,75.4,627.841552083333
"609",2023-04-07,2023,97,0,0,0,0,0,0,0,238.48,630.508041666667
"610",2023-04-08,2023,98,0,0,0,0,0,0,0,321.07,637.665875
"611",2023-04-09,2023,99,0,0,0,0,0,0,0,360.06,645.556166666667
"612",2023-04-10,2023,100,0,0,0,0,0,0,2.8,385.52,626.53465625
"613",2023-04-11,2023,101,0,0,0,0,0,0,0,425.07,638.066221052632
"614",2023-04-12,2023,102,0,0,0,0,0,0,0,527.27,646.199041666667
"615",2023-04-13,2023,103,0,0,0,0,0,0,0,502.23,647.526416666667
"616",2023-04-14,2023,104,0,0,0,0,0,0,2.03,454.36,649.885645833333
"617",2023-04-15,2023,105,0,0,0,0,0,0,5.82,145.17,585.47196875
"618",2023-04-16,2023,106,0,0,0,0,0,0,0,157.12,607.490239583333
"619",2023-04-17,2023,107,0,0,0,0,0,0,0,202.09,623.719635416667
"620",2023-04-18,2023,108,0,0,0,0,0,0,0,340.68,635.841947368421
"621",2023-04-19,2023,109,0,0,0,0,0,0,8.38,432.89,580.124114583333
"622",2023-04-20,2023,110,0,0,0,0,0,0,9.39,229.37,564.415072916667
"623",2023-04-21,2023,111,0,0,0,0,0,0,0,104.35,580.81778125
"624",2023-04-22,2023,112,0,0,0,0,0,0,0,76.68,597.208552083333
"625",2023-04-23,2023,113,0,0,0,0,0,0,0,98.09,605.406979166667
"626",2023-04-24,2023,114,0,0,0,0,0,0,0,255.79,615.66715625
"627",2023-04-25,2023,115,0,0,0,0,0,0,0,262.45,620.207484210526
"628",2023-04-26,2023,116,0,0,0,0,0,0,0,298.32,629.103604166667
"629",2023-04-27,2023,117,0,0,0,0,0,0,0,299.97,629.10684375
"630",2023-04-28,2023,118,0,0,0,0,0,0,8.1,236.11,580.314239583333
"631",2023-04-29,2023,119,0,0,0,0,0,0,0,255.28,580.1719375
"632",2023-04-30,2023,120,0,0,0,0,0,0,0,215.29,604.139364583333
"633",2023-05-01,2023,121,0,0,0,0,0,0,0,223.55,617.61840625
"634",2023-05-02,2023,122,0,0,0,0,0,0,0,233.05,620.890905263158
"635",2023-05-03,2023,123,0,0,0,0,0,0,0,298.04,626.921270833333
"636",2023-05-04,2023,124,0,0,0,0,0,0,0,417.95,631.389875
"637",2023-05-05,2023,125,0,0,0,0,0,0,1.52,361.45,626.786489583333
"638",2023-05-06,2023,126,0,0,0,0,0,0,0,431.52,622.99425
"639",2023-05-07,2023,127,0,0,0,0,0,0,1.52,492.89,631.283635416667
"640",2023-05-08,2023,128,1.33226762955019e-15,1.09356896625137,0,1.33226762955019e-15,2.8421709430404e-14,0,0,481.76,635.026697916667
"641",2023-05-09,2023,129,0.0215338066569539,1.09356896625137,0,0.0215338066569539,1.7579710144928,0.180780212811815,0,464.02,635.659368421053
"642",2023-05-10,2023,130,0.043067613313907,1.09356896625137,0,0.043067613313907,3.51594202898556,0.36156042562363,0,510.04,643.190822916667
"643",2023-05-11,2023,131,0.0646014199708596,1.09356896625137,0,0.0646014199708596,5.2739130434783,0.542340638435444,0,502.45,642.459072916667
"644",2023-05-12,2023,132,0.0861352266278121,1.09356896625137,0,0.0861352266278121,7.03188405797107,0.723120851247259,0.25,538.62,634.72625
"645",2023-05-13,2023,133,0.107669033284765,1.09356896625137,0,0.107669033284765,8.78985507246384,0.903901064059074,0,493.37,641.781125
"646",2023-05-14,2023,134,0.129202839941718,1.09356896625137,0,0.129202839941718,10.5478260869566,1.08468127687089,0,418.7,644.678135416667
"647",2023-05-15,2023,135,0.15073664659867,1.09356896625137,0,0.15073664659867,12.3057971014494,1.2654614896827,0.25,299.65,623.325322916667
"648",2023-05-16,2023,136,0.172270453255623,1.09356896625137,0,0.172270453255623,14.0637681159421,1.44624170249451,0,420.99,637.789884210526
"649",2023-05-17,2023,137,0.193804259912576,1.09356896625137,0,0.193804259912576,15.8217391304349,1.62702191530633,0,444.75,644.1243125
"650",2023-05-18,2023,138,0.215338066569529,1.09356896625137,0,0.215338066569529,17.5797101449276,1.80780212811814,0,482.6,647.939760416667
"651",2023-05-19,2023,139,0.236871873226481,1.09356896625137,0,0.236871873226481,19.3376811594204,1.98858234092996,0,342.42,656.565458333333
"652",2023-05-20,2023,140,0.258405679883434,1.09356896625137,0,0.258405679883434,21.0956521739132,2.16936255374177,0,319.13,653.430729166667
"653",2023-05-21,2023,141,0.279939486540387,1.09356896625137,0,0.279939486540387,22.8536231884059,2.35014276655359,0,440.96,657.345375
"654",2023-05-22,2023,142,0.301473293197339,1.09356896625137,0,0.301473293197339,24.6115942028987,2.5309229793654,0,464.83,658.17396875
"655",2023-05-23,2023,143,0.323007099854292,1.09356896625137,0,0.323007099854292,26.3695652173915,2.71170319217722,0,494.43,659.557231578947
"656",2023-05-24,2023,144,0.344540906511245,1.09356896625137,0,0.344540906511245,28.1275362318842,2.89248340498903,0,513.42,665.2074375
"657",2023-05-25,2023,145,0.366074713168198,1.09356896625137,0,0.366074713168198,29.885507246377,3.07326361780084,0,507.97,663.090822916667
"658",2023-05-26,2023,146,0.38760851982515,1.09356896625137,0,0.38760851982515,31.6434782608698,3.25404383061266,0,509.87,666.36146875
"659",2023-05-27,2023,147,0.409142326482103,1.09356896625137,0,0.409142326482103,33.4014492753625,3.43482404342447,0,470.47,667.44253125
"660",2023-05-28,2023,148,0.430676133139056,1.09356896625137,0,0.430676133139056,35.1594202898553,3.61560425623629,0,511.5,670.103510416667
"661",2023-05-29,2023,149,0.452209939796008,1.09356896625137,0,0.452209939796008,36.917391304348,3.7963844690481,0,588.81,672.238604166667
"662",2023-05-30,2023,150,0.473743746452961,1.09356896625137,0,0.473743746452961,38.6753623188408,3.97716468185992,0,609.58,676.194947368421
"663",2023-05-31,2023,151,0.495277553109914,1.09356896625137,0,0.495277553109914,40.4333333333336,4.15794489467173,0,577.5,676.27578125
"664",2023-06-01,2023,152,0.516811359766867,1.09356896625137,0,0.516811359766867,40.4333333333335,4.15794489467173,21.59,498.36,643.818041666667
"665",2023-06-02,2023,153,0.538345166423819,1.09356896625137,0,0.538345166423819,44.9424242424243,4.79099839752584,0.5,538.61,576.348302083333
"666",2023-06-03,2023,154,0.559878973080772,1.09356896625137,0,0.559878973080772,49.4515151515152,5.42405190037996,0,590.15,597.786927083333
"667",2023-06-04,2023,155,0.581412779737725,1.09356896625137,0,0.581412779737725,53.9606060606061,6.05710540323409,4.32,552.59,610.92246875
"668",2023-06-05,2023,156,0.602946586394677,1.09356896625137,0,0.602946586394677,58.469696969697,6.6901589060882,0,557.94,581.9908125
"669",2023-06-06,2023,157,0.62448039305163,1.09356896625137,0,0.62448039305163,62.9787878787879,7.32321240894233,0,574.15,609.973747368421
"670",2023-06-07,2023,158,0.646014199708583,1.09356896625137,0,0.646014199708583,67.4878787878788,7.95626591179645,0,619.67,624.44515625
"671",2023-06-08,2023,159,0.667548006365536,1.09356896625137,0,0.667548006365536,71.9969696969697,8.58931941465056,0.25,567.52,635.774385416667
"672",2023-06-09,2023,160,0.689081813022488,1.09356896625137,0,0.689081813022488,76.5060606060606,9.22237291750469,0,522.51,633.763822916667
"673",2023-06-10,2023,161,0.710615619679441,1.09356896625137,0,0.710615619679441,81.0151515151515,9.8554264203588,0,528.89,642.72571875
"674",2023-06-11,2023,162,0.732149426336394,1.09356896625137,0,0.732149426336394,85.5242424242424,10.4884799232129,14.98,428.58,581.588635416667
"675",2023-06-12,2023,163,0.753683232993346,0.31367566609341,0,0.753683232993346,90.0333333333335,11.1215334260671,0,401.35,596.481166666667
"676",2023-06-13,2023,164,0.885820284027744,0.356322067825548,0,0.885820284027744,94.8647550776585,11.2818250377308,0,487.37,612.486389473684
"677",2023-06-14,2023,165,1.01795733506215,0.398968469557687,0,1.01795733506215,99.6961768219834,11.4421166493945,0,524.65,624.562239583333
"678",2023-06-15,2023,166,1.15009438609654,0.441614871289825,0,1.15009438609654,104.527598566308,11.6024082610582,0,571.72,636.699635416667
"679",2023-06-16,2023,167,1.28223143713094,0.484261273021963,0,1.28223143713094,109.359020310633,11.7626998727219,0,579.09,642.528791666667
"680",2023-06-17,2023,168,1.41436848816534,0.526907674754102,0,1.41436848816534,114.190442054958,11.9229914843857,1.01,502.48,632.80209375
"681",2023-06-18,2023,169,1.54650553919974,0.569554076486241,0,1.54650553919974,119.021863799283,12.0832830960494,0,517.99,641.19915625
"682",2023-06-19,2023,170,1.67864259023414,0.612200478218379,0,1.67864259023414,123.853285543608,12.2435747077131,0,632.86,648.77734375
"683",2023-06-20,2023,171,1.81077964126854,0.654846879950518,0,1.81077964126854,128.684707287933,12.4038663193768,0,618.18,659.127578947368
"684",2023-06-21,2023,172,1.94291669230294,0.697493281682656,0,1.94291669230294,133.516129032258,12.5641579310405,0,602.42,661.013260416667
"685",2023-06-22,2023,173,2.02983928739756,0.676953511817957,0,2.02983928739756,135.988314680711,12.3395296237981,0,611.14,666.2599375
"686",2023-06-23,2023,174,2.11676188249219,0.656413741953258,0,2.11676188249219,138.460500329164,12.1149013165557,2.79,599,665.899520833333
"687",2023-06-24,2023,175,2.20368447758681,0.635873972088559,0,2.20368447758681,140.932685977617,11.8902730093133,1.27,633.23,666.5724375
"688",2023-06-25,2023,176,2.29060707268144,0.61533420222386,0,2.29060707268144,143.40487162607,11.665644702071,0,545.31,669.290305263158
"689",2023-06-26,2023,177,2.37752966777606,0.594794432359161,0,2.37752966777606,145.877057274523,11.4410163948286,0,529.2,673.1085
"690",2023-06-27,2023,178,2.46445226287069,0.574254662494462,0,2.46445226287069,148.349242922976,11.2163880875862,0,549.67,670.418515789474
"691",2023-06-28,2023,179,2.55137485796531,0.553714892629763,0,2.55137485796531,150.821428571429,10.9917597803438,0,656.17,674.877104166667
"692",2023-06-29,2023,180,2.71180210384903,0.665658162108027,0,2.71180210384903,153.76812104152,12.8972859157504,6.85,629.84,639.958802083333
"693",2023-06-30,2023,181,2.87222934973276,0.777601431586287,0,2.87222934973276,156.714813511611,14.8028120511571,28.45,562.89,578.1775625
"694",2023-07-01,2023,182,3.03265659561648,0.889544701064548,0,3.03265659561648,159.661505981703,16.7083381865638,22.86,501.26,561.784885416667
"695",2023-07-02,2023,183,3.1930838415002,1.00148797054281,0,3.1930838415002,162.608198451795,18.6138643219704,0,565.56,568.635302083333
"696",2023-07-03,2023,184,3.35351108738392,1.11343124002107,0,3.35351108738392,165.554890921886,20.5193904573771,0,600.21,583.187145833333
"697",2023-07-04,2023,185,3.51393833326764,1.22537450949933,0,3.51393833326764,168.501583391977,22.4249165927837,4.32,592.71,599.776684210526
"698",2023-07-05,2023,186,3.67436557915136,1.33731777897759,0,3.67436557915136,171.448275862069,24.3304427281904,2.54,506.7,567.843927083333
"699",2023-07-06,2023,187,3.69330950550359,1.29774471092573,0,3.69330950550359,175.527093596059,23.9723431059007,0,448.68,588.2393125
"700",2023-07-07,2023,188,3.71225343185582,1.25817164287386,0,3.71225343185582,179.605911330049,23.6142434836109,23.62,430.07,556.782197916667
"701",2023-07-08,2023,189,3.73119735820806,1.218598574822,0,3.73119735820806,183.68472906404,23.2561438613211,0,436.31,565.317822916667
"702",2023-07-09,2023,190,3.75014128456029,1.17902550677014,0,3.75014128456029,187.76354679803,22.8980442390314,0,512.01,577.773979166667
"703",2023-07-10,2023,191,3.76908521091252,1.13945243871827,0,3.76908521091252,191.84236453202,22.5399446167416,5.84,553.2,590.37696875
"704",2023-07-11,2023,192,3.78802913726475,1.09987937066641,0,3.78802913726475,195.92118226601,22.1818449944518,0,604.1,567.828115789474
"705",2023-07-12,2023,193,3.80697306361698,1.06030630261455,0,3.80697306361698,200,21.8237453721621,19.05,571.95,556.904427083333
"706",2023-07-13,2023,194,3.94697777887426,1.14948265397785,0,3.94697777887426,203.704761904762,22.1640556606905,0,548.18,563.01690625
"707",2023-07-14,2023,195,4.08698249413154,1.23865900534114,0,4.08698249413154,207.409523809524,22.504365949219,19.04,524.94,543.446510416667
"708",2023-07-15,2023,196,4.22698720938881,1.32783535670444,0,4.22698720938881,211.114285714286,22.8446762377474,0,553.51,556.57696875
"709",2023-07-16,2023,197,4.36699192464609,1.41701170806774,0,4.36699192464609,214.819047619048,23.1849865262759,3.04,541.77,556.272302083333
"710",2023-07-17,2023,198,4.50699663990337,1.50618805943103,0,4.50699663990337,218.52380952381,23.5252968148043,0,488.95,566.286333333333
"711",2023-07-18,2023,199,4.64700135516064,1.59536441079433,0,4.64700135516064,222.228571428571,23.8656071033328,3.56,481.47,555.033115789474
"712",2023-07-19,2023,200,4.78700607041792,1.68454076215763,0,4.78700607041792,225.933333333333,24.2059173918613,2.54,527.61,565.393427083333
"713",2023-07-20,2023,201,4.84354211836578,1.67028876945597,0,4.84354211836578,226.876530612245,23.6399078676267,0.25,527.05,563.53353125
"714",2023-07-21,2023,202,4.90007816631364,1.6560367767543,0,4.90007816631364,227.819727891156,23.0738983433921,0,516.8,575.043
"715",2023-07-22,2023,203,4.95661421426149,1.64178478405264,0,4.95661421426149,228.762925170068,22.5078888191575,2.54,557.11,568.488864583333
"716",2023-07-23,2023,204,5.01315026220935,1.62753279135098,0,5.01315026220935,229.70612244898,21.9418792949229,0,572.48,575.485354166667
"717",2023-07-24,2023,205,5.06968631015721,1.61328079864932,0,5.06968631015721,230.649319727891,21.3758697706883,13.72,602.24,559.178895833333
"718",2023-07-25,2023,206,5.12622235810506,1.59902880594766,0,5.12622235810506,231.592517006803,20.8098602464537,0,595.27,568.671526315789
"719",2023-07-26,2023,207,5.18275840605292,1.584776813246,0,5.18275840605292,232.535714285714,20.2438507222191,0,657.42,570.438458333333
"720",2023-07-27,2023,208,5.16330677915847,1.57139201654655,0,5.16330677915847,231.76875,20.078617054327,0,676.07,579.986802083333
"721",2023-07-28,2023,209,5.14385515226403,1.5580072198471,0,5.14385515226403,231.001785714286,19.913383386435,0,663.33,587.188864583333
"722",2023-07-29,2023,210,5.12440352536958,1.54462242314765,0,5.12440352536958,230.234821428571,19.7481497185429,4.06,588.86,585.01203125
"723",2023-07-30,2023,211,5.10495189847513,1.53123762644821,0,5.10495189847513,229.467857142857,19.5829160506508,25.91,534.32,575.44415625
"724",2023-07-31,2023,212,5.08550027158069,1.51785282974876,0,5.08550027158069,228.700892857143,19.4176823827587,42.93,537.05,517.080927083333
"725",2023-08-01,2023,213,5.06604864468624,1.50446803304931,0,5.06604864468624,227.933928571429,19.2524487148667,0,549.34,543.322305263158
"726",2023-08-02,2023,214,5.04659701779179,1.49108323634986,0,5.04659701779179,227.166964285714,19.0872150469746,2.28,576.72,534.90625
"727",2023-08-03,2023,215,5.02714539089734,1.47769843965041,0,5.02714539089734,226.4,18.9219813790825,0,565.27,549.892635416667
"728",2023-08-04,2023,216,4.99047712312827,1.47263702962461,0,4.99047712312827,226.786419753086,19.1910392159953,0,555.25,553.899625
"729",2023-08-05,2023,217,4.9538088553592,1.4675756195988,0,4.9538088553592,227.172839506173,19.4600970529082,11.68,594.94,561.06246875
"730",2023-08-06,2023,218,4.91714058759013,1.462514209573,0,4.91714058759013,227.559259259259,19.7291548898211,0.5,492.01,542.851802083333
"731",2023-08-07,2023,219,4.88047231982106,1.45745279954719,0,4.88047231982106,227.945679012346,19.9982127267339,0,503.02,558.862322916667
"732",2023-08-08,2023,220,4.84380405205198,1.45239138952138,0,4.84380405205198,228.332098765432,20.2672705636468,0.76,542.2,555.164821052632
"733",2023-08-09,2023,221,4.80713578428291,1.44732997949558,0,4.80713578428291,228.718518518519,20.5363284005596,14.98,510.06,546.92403125
"734",2023-08-10,2023,222,4.77046751651384,1.44226856946977,0,4.77046751651384,229.104938271605,20.8053862374725,0,540.9,553.3253125
"735",2023-08-11,2023,223,4.73379924874477,1.43720715944397,0,4.73379924874477,229.491358024691,21.0744440743853,0,585.06,563.218427083333
"736",2023-08-12,2023,224,4.69713098097569,1.43214574941816,0,4.69713098097569,229.877777777778,21.3435019112982,0,565.56,575.16703125
"737",2023-08-13,2023,225,4.66046271320662,1.42708433939236,0,4.66046271320662,230.264197530864,21.612559748211,9.14,495.17,542.685510416667
"738",2023-08-14,2023,226,4.62379444543755,1.42202292936655,0,4.62379444543755,230.650617283951,21.8816175851239,0,442.93,554.116927083333
"739",2023-08-15,2023,227,4.58712617766847,1.41696151934075,0,4.58712617766847,231.037037037037,22.1506754220367,0,447.9,561.417252631579
"740",2023-08-16,2023,228,4.48083603295023,1.39652829774376,0,4.48083603295023,230.891851851852,22.1540385651546,0,536.71,573.32078125
"741",2023-08-17,2023,229,4.374545888232,1.37609507614676,0,4.374545888232,230.746666666667,22.1574017082726,0,494.93,582.345979166667
"742",2023-08-18,2023,230,4.26825574351376,1.35566185454977,0,4.26825574351376,230.601481481481,22.1607648513905,0,471.79,584.109333333333
"743",2023-08-19,2023,231,4.16196559879553,1.33522863295278,0,4.16196559879553,230.456296296296,22.1641279945084,0,636.34,595.615604166667
"744",2023-08-20,2023,232,4.05567545407729,1.31479541135579,0,4.05567545407729,230.311111111111,22.1674911376263,0,650.9,598.59028125
"745",2023-08-21,2023,233,3.94938530935906,1.2943621897588,0,3.94938530935906,230.165925925926,22.1708542807443,0,677.58,601.607052083333
"746",2023-08-22,2023,234,3.84309516464082,1.27392896816181,0,3.84309516464082,230.020740740741,22.1742174238622,0,724.85,608.939978947368
"747",2023-08-23,2023,235,3.73680501992258,1.25349574656482,0,3.73680501992258,229.875555555556,22.1775805669801,0,718.14,610.672260416667
"748",2023-08-24,2023,236,3.63051487520434,1.23306252496783,0,3.63051487520434,229.73037037037,22.180943710098,0,730.46,618.64121875
"749",2023-08-25,2023,237,3.52422473048611,1.21262930337084,0,3.52422473048611,229.585185185185,22.184306853216,9.65,627.15,613.797739583333
"750",2023-08-26,2023,238,3.41793458576787,1.19219608177385,0,3.41793458576787,229.44,22.1876699963339,8.64,519.38,582.85246875
"751",2023-08-27,2023,239,3.31164444104964,1.17176286017685,0,3.31164444104964,229.294814814815,22.1910331394518,0,469.07,588.414822916667
"752",2023-08-28,2023,240,3.2053542963314,1.15132963857986,0,3.2053542963314,229.14962962963,22.1943962825698,0,523.37,597.798208333333
"753",2023-08-29,2023,241,3.09906415161316,1.13089641698287,0,3.09906415161316,229.004444444444,22.1977594256877,0,537.6,602.914915789474
"754",2023-08-30,2023,242,2.99277400689493,1.11046319538588,0,2.99277400689493,228.859259259259,22.2011225688056,0,509.62,606.36528125
"755",2023-08-31,2023,243,2.88648386217669,1.09002997378889,0,2.88648386217669,228.714074074074,22.2044857119235,0,505.42,618.636364583333
"756",2023-09-01,2023,244,2.78019371745846,1.0695967521919,0,2.78019371745846,228.568888888889,22.2078488550415,0,544.92,626.71815625
"757",2023-09-02,2023,245,2.67390357274022,1.04916353059491,0,2.67390357274022,228.423703703704,22.2112119981594,0,605.15,630.977458333333
"758",2023-09-03,2023,246,2.56761342802199,1.02873030899792,0,2.56761342802199,228.278518518519,22.2145751412773,0,620.62,634.50903125
"759",2023-09-04,2023,247,2.46132328330374,1.00829708740092,0,2.46132328330374,228.133333333333,22.2179382843952,0,622.35,638.009979166667
"760",2023-09-05,2023,248,2.40512583243489,1.00016701579881,0,2.40512583243489,228.192775041051,22.0744213876592,0,576,645.917452631579
"761",2023-09-06,2023,249,2.34892838156603,0.992036944196699,0,2.34892838156603,228.252216748768,21.9309044909231,0,443.48,649.981916666667
"762",2023-09-07,2023,250,2.29273093069718,0.983906872594587,0,2.29273093069718,228.311658456486,21.7873875941871,0,428.3,643.830333333333
"763",2023-09-08,2023,251,2.23653347982832,0.975776800992475,0,2.23653347982832,228.371100164204,21.643870697451,0,500.91,636.38503125
"764",2023-09-09,2023,252,2.18033602895947,0.967646729390363,0,2.18033602895947,228.430541871921,21.500353800715,0,484.33,640.45575
"765",2023-09-10,2023,253,2.12413857809061,0.959516657788251,0,2.12413857809061,228.489983579639,21.3568369039789,0.25,458.13,638.18221875
"766",2023-09-11,2023,254,2.06794112722175,0.951386586186139,0,2.06794112722175,228.549425287356,21.2133200072429,0,417.2,598.56925
"767",2023-09-12,2023,255,2.0117436763529,0.943256514584026,0,2.0117436763529,228.608866995074,21.0698031105068,0,383.05,614.501694736842
"768",2023-09-13,2023,256,1.95554622548404,0.935126442981914,0,1.95554622548404,228.668308702791,20.9262862137708,0,404.65,618.490760416667
"769",2023-09-14,2023,257,1.89934877461519,0.926996371379802,0,1.89934877461519,228.727750410509,20.7827693170347,0,463.06,635.595791666667
"770",2023-09-15,2023,258,1.84315132374633,0.91886629977769,0,1.84315132374633,228.787192118227,20.6392524202987,0.25,413.31,627.170416666667
"771",2023-09-16,2023,259,1.78695387287748,0.910736228175578,0,1.78695387287748,228.846633825944,20.4957355235626,0,405.21,617.5175625
"772",2023-09-17,2023,260,1.73075642200862,0.902606156573465,0,1.73075642200862,228.906075533662,20.3522186268266,0,381.03,629.830020833333
"773",2023-09-18,2023,261,1.67455897113977,1.09356896625137,0,1.67455897113977,228.965517241379,20.2087017300905,0,508.95,636.036208333333
"774",2023-09-19,2023,262,1.63601311351569,1.09356896625137,0,1.63601311351569,229.024958949097,20.0651848333545,0,597.59,646.642168421053
"775",2023-09-20,2023,263,1.59746725589161,1.09356896625137,0,1.59746725589161,229.084400656814,19.9216679366184,0,532.01,649.401052083333
"776",2023-09-21,2023,264,1.55892139826754,1.09356896625137,0,1.55892139826754,229.143842364532,19.7781510398824,0,512.87,651.902166666667
"777",2023-09-22,2023,265,1.52037554064346,1.09356896625137,0,1.52037554064346,229.20328407225,19.6346341431463,7.6,454.6,618.4485625
"778",2023-09-23,2023,266,1.48182968301938,1.09356896625137,0,1.48182968301938,229.262725779967,19.4911172464103,1.77,466.13,603.23803125
"779",2023-09-24,2023,267,1.44328382539531,1.09356896625137,0,1.44328382539531,229.322167487685,19.3476003496742,0,446.61,610.91621875
"780",2023-09-25,2023,268,1.40473796777123,1.09356896625137,0,1.40473796777123,229.381609195402,19.2040834529382,0,434.59,621.433147368421
"781",2023-09-26,2023,269,1.36619211014715,1.09356896625137,0,1.36619211014715,229.44105090312,19.0605665562021,0,394.84,627.649189473684
"782",2023-09-27,2023,270,1.32764625252308,1.09356896625137,0,1.32764625252308,229.500492610837,18.9170496594661,0,394.51,631.35434375
"783",2023-09-28,2023,271,1.289100394899,1.09356896625137,0,1.289100394899,229.559934318555,18.77353276273,0,505.22,639.380989583333
"784",2023-09-29,2023,272,1.25055453727492,1.09356896625137,0,1.25055453727492,229.619376026273,18.630015865994,0,644.28,648.198875
"785",2023-09-30,2023,273,1.21200867965085,1.09356896625137,0,1.21200867965085,229.67881773399,18.4864989692579,0,669.26,656.949333333333
"786",2023-10-01,2023,274,1.17346282202677,1.09356896625137,0,1.17346282202677,229.738259441708,18.3429820725219,0,631.11,655.726427083333
"787",2023-10-02,2023,275,1.13491696440269,1.09356896625137,0,1.13491696440269,229.797701149425,18.1994651757858,0,581.45,658.673572916667
"788",2023-10-03,2023,276,1.09637110677862,1.09356896625137,0,1.09637110677862,229.857142857143,18.0559482790498,32.51,496.45,651.802305263158
"789",2023-10-04,2023,277,1.05782524915454,1.09356896625137,0,1.05782524915454,229.91658456486,17.9124313823137,0,390.9,570.701885416667
"790",2023-10-05,2023,278,1.01927939153046,1.09356896625137,0,1.01927939153046,229.976026272578,17.7689144855777,0,349.14,590.38634375
"791",2023-10-06,2023,279,0.980733533906387,1.09356896625137,0,0.980733533906387,230.035467980296,17.6253975888416,0.51,235.06,595.053875
"792",2023-10-07,2023,280,0.942187676282311,1.09356896625137,0,0.942187676282311,230.094909688013,17.4818806921056,0,201.97,603.699864583333
"793",2023-10-08,2023,281,0.903641818658233,1.09356896625137,0,0.903641818658233,230.154351395731,17.3383637953695,0,317.94,606.739778947368
"794",2023-10-09,2023,282,0.865095961034157,1.09356896625137,0,0.865095961034157,230.213793103448,17.1948468986335,0,235.73,611.513625
"795",2023-10-10,2023,283,0.826550103410082,1.09356896625137,0,0.826550103410082,230.273234811166,17.0513300018974,0,268.13,610.518694736842
"796",2023-10-11,2023,284,0.788004245786004,1.09356896625137,0,0.788004245786004,230.332676518883,16.9078131051614,0,396.58,623.13340625
"797",2023-10-12,2023,285,0.749458388161928,1.09356896625137,0,0.749458388161928,230.392118226601,16.7642962084253,21.84,378.79,607.471742268041
"798",2023-10-13,2023,286,0.710912530537851,1.09356896625137,0,0.710912530537851,230.451559934319,16.6207793116893,0.76,263.21,548.787625
"799",2023-10-14,2023,287,0.672366672913775,1.09356896625137,0,0.672366672913775,230.511001642036,16.4772624149532,2.54,214.94,563.594864583333
"800",2023-10-15,2023,288,0.633820815289697,1.09356896625137,0,0.633820815289697,230.570443349754,16.3337455182172,0,203.38,569.247842105263
"801",2023-10-16,2023,289,0.595274957665621,1.09356896625137,0,0.595274957665621,230.629885057471,16.1902286214811,0,198.79,580.70234375
"802",2023-10-17,2023,290,0.556729100041546,1.09356896625137,0,0.556729100041546,230.689326765189,16.0467117247451,0,273.24,580.411989473684
"803",2023-10-18,2023,291,0,0,0.5,0.5,20,0,0,347.87,598.56015625
"804",2023-10-19,2023,292,0,0,0.498496932515337,0.498496932515337,20,0,0,355.58,593.815520833333
"805",2023-10-20,2023,293,0,0,0.496993865030675,0.496993865030675,20,0,0,372.57,599.950822916667
"806",2023-10-21,2023,294,0,0,0.495490797546012,0.495490797546012,20,0,0,316.18,607.368541666667
"807",2023-10-22,2023,295,0,0,0.49398773006135,0.49398773006135,20,0,0,265.72,606.5514375
"808",2023-10-23,2023,296,0,0,0.492484662576687,0.492484662576687,20,0,0,445.64,616.767010416667
